index	city	company_name	duration	frequency	job	job_link	salary
0	上海	网易游戏	3个月	3天/周	英语翻译实习生-上海	https://www.shixiseng.com/intern/inn_uc111afzya0i?pcm=pc_SearchList	150-200/天
1	深圳	赛怡康	3个月	6天/周	文员实习	https://www.shixiseng.com/intern/inn_agfq6symdrwb?pcm=pc_SearchList	200-400/天
2	厦门	吉比特	3个月	3天/周	行政实习生	https://www.shixiseng.com/intern/inn_aa1dvx6qubqr?pcm=pc_SearchList	150-200/天
3	武汉	武汉高途课堂	2个月	6天/周	暑期实习课程销售	https://www.shixiseng.com/intern/inn_f2cmjgugj86d?pcm=pc_SearchList	150-180/天
4	上海	SKILLZONE	3个月	5天/周	招聘专员	https://www.shixiseng.com/intern/inn_54zojdsjacil?pcm=pc_SearchList	150-200/天
5	成都	展动力	6个月	5天/周	猎头管培生	https://www.shixiseng.com/intern/inn_q6kmxjqzheif?pcm=pc_SearchList	100-200/天
6	深圳	微光医疗	10个月	5天/周	硬件测试实习生	https://www.shixiseng.com/intern/inn_odiyvwsuey2b?pcm=pc_SearchList	120-200/天
7	深圳	阿蒙工师	6个月	5天/周	后期制作	https://www.shixiseng.com/intern/inn_b3afsybw3l4n?pcm=pc_SearchList	100-200/天
8	上海	星环科技	5个月	4天/周	AI前端开发实习生 (MJ000291)	https://www.shixiseng.com/intern/inn_shq8udnoizag?pcm=pc_SearchList	180-300/天
9	成都	CGP CHINA	3个月	5天/周	猎头实习生	https://www.shixiseng.com/intern/inn_yagnl6onfysd?pcm=pc_SearchList	100-120/天
10	北京	混沌大学北京分社	3个月	5天/周	互联网教育-用户运营实习生	https://www.shixiseng.com/intern/inn_63mfz4mk3l4c?pcm=pc_SearchList	150-150/天
11	重庆	悦橙租房	2个月	6天/周	销售实习生	https://www.shixiseng.com/intern/inn_9xl8tvcscz3t?pcm=pc_SearchList	100-200/天
12	重庆	百度重庆中心	11个月	5天/周	广告销售	https://www.shixiseng.com/intern/inn_czabxskoga0s?pcm=pc_SearchList	120-200/天
13	上海	维萨拉	4个月	3天/周	供应链实习生	https://www.shixiseng.com/intern/inn_w87pklq3enfq?pcm=pc_SearchList	200-300/天
14	深圳	赛怡康	3个月	6天/周	行政助理	https://www.shixiseng.com/intern/inn_kws84c5hnusp?pcm=pc_SearchList	300-500/天
15	成都	世茂服务	6个月	5天/周	管培生（世茂服务新生力项目）	https://www.shixiseng.com/intern/inn_pr5dkpyfbpts?pcm=pc_SearchList	120-200/天
16	北京	唐大明白	1个月	5天/周	高考志愿咨询师	https://www.shixiseng.com/intern/inn_7kqtfkoqfbg6?pcm=pc_SearchList	50-100/天
17	北京	高力国际	11个月	3天/周	办公楼服务部实习生	https://www.shixiseng.com/intern/inn_f4vivopyy59v?pcm=pc_SearchList	100-150/天
18	厦门	吉比特	3个月	5天/周	产品实习生（厦门）	https://www.shixiseng.com/intern/inn_uejxjgf0cdnm?pcm=pc_SearchList	150-200/天
19	北京	OFashion迷橙	11个月	5天/周	时尚运营实习生	https://www.shixiseng.com/intern/inn_iv8djmvyxgkh?pcm=pc_SearchList	100-120/天
20	广州	房六六	6个月	5天/周	招聘助理	https://www.shixiseng.com/intern/inn_mszhwlb0aiep?pcm=pc_SearchList	80-120/天
21	西安	安创生态	7个月	5天/周	数字后端实习生	https://www.shixiseng.com/intern/inn_me4uudigwaej?pcm=pc_SearchList	100-200/天
22	广州	广州恒先	8个月	5天/周	Java研发实习生	https://www.shixiseng.com/intern/inn_kwghhgbkayqy?pcm=pc_SearchList	120-200/天
23	全国	圣才电子书	3个月	2天/周	线上学科编辑-期货从业类	https://www.shixiseng.com/intern/inn_pnbnwrhsh4yo?pcm=pc_SearchList	200-300/天
24	广州	Kelly	6个月	3天/周	sourcing assistant猎头助理	https://www.shixiseng.com/intern/inn_k4lc1rueskik?pcm=pc_SearchList	100-120/天
25	北京	OFashion迷橙	21个月	5天/周	新媒体运营实习生	https://www.shixiseng.com/intern/inn_jktsb4o495tj?pcm=pc_SearchList	100-120/天
26	成都	贝壳	8个月	6天/周	房产经纪人	https://www.shixiseng.com/intern/inn_ustsp8x4k1mj?pcm=pc_SearchList	100-150/天
27	上海	驰大数据	4个月	5天/周	行政文员前台	https://www.shixiseng.com/intern/inn_jboocjzsm32m?pcm=pc_SearchList	150-200/天
28	全国	圣才电子书	4个月	2天/周	学科编辑-心理类（线上）	https://www.shixiseng.com/intern/inn_y56bc6zqqztw?pcm=pc_SearchList	200-300/天
29	全国	圣才电子书	3个月	2天/周	学科编辑-肿瘤/放射/公共卫生/预防医学方向	https://www.shixiseng.com/intern/inn_qniysrmcgtmg?pcm=pc_SearchList	200-300/天
30	上海	猎聘网	4个月	3天/周	RPO招聘实习生	https://www.shixiseng.com/intern/inn_vur4wmnsu2ln?pcm=pc_SearchList	100-150/天
31	上海	燎申集团	7个月	3天/周	品牌设计实习生	https://www.shixiseng.com/intern/inn_3srjrxxyy5rk?pcm=pc_SearchList	100-120/天
32	全国	圣才电子书	4个月	2天/周	学科编辑-精算类（线上）	https://www.shixiseng.com/intern/inn_dp8mlvzgq7m5?pcm=pc_SearchList	200-300/天
33	全国	圣才电子书	4个月	1天/周	学科编辑-金融类（线上）	https://www.shixiseng.com/intern/inn_jcfoqfblzypy?pcm=pc_SearchList	200-300/天
34	深圳	人生无限传媒	12个月	6天/周	短视频编剧	https://www.shixiseng.com/intern/inn_ubsgrk4s6toc?pcm=pc_SearchList	150-300/天
35	北京	北京链家	12个月	6天/周	置业顾问实习生	https://www.shixiseng.com/intern/inn_qcngwgceqobf?pcm=pc_SearchList	250-300/天
36	上海	中青博联 	4个月	3天/周	平面设计助理-21届	https://www.shixiseng.com/intern/inn_u2exdzfun8lm?pcm=pc_SearchList	120-150/天
37	上海	梅花网	3个月	5天/周	新闻编辑助理	https://www.shixiseng.com/intern/inn_ys8n3j5mqyyu?pcm=pc_SearchList	100-150/天
38	上海	丰科	3个月	6天/周	生产管培生	https://www.shixiseng.com/intern/inn_5khpppdi8bqn?pcm=pc_SearchList	120-180/天
39	成都	国君科技	12个月	4天/周	新媒体内容渠道实习生	https://www.shixiseng.com/intern/inn_iqbrdetke2f9?pcm=pc_SearchList	50-100/天
40	成都	国君科技	12个月	4天/周	日本时尚品牌运营实习生	https://www.shixiseng.com/intern/inn_hkxtr1lbffrv?pcm=pc_SearchList	100-150/天
41	成都	木朵	3个月	5天/周	金融财经新媒体内容运营实习生	https://www.shixiseng.com/intern/inn_robcmo3b7jc5?pcm=pc_SearchList	100-150/天
42	成都	木朵	12个月	5天/周	日本文化时尚旅行新媒体运营实习生	https://www.shixiseng.com/intern/inn_znxyiilop4py?pcm=pc_SearchList	80-150/天
43	上海	普仕英才	3个月	5天/周	猎头助理顾问（上海）	https://www.shixiseng.com/intern/inn_drpe1bsfiua4?pcm=pc_SearchList	120-150/天
44	全国	圣才电子书	4个月	2天/周	学科编辑-法学类（线上）	https://www.shixiseng.com/intern/inn_eqior9faonhh?pcm=pc_SearchList	200-300/天
45	全国	圣才电子书	4个月	2天/周	学科编辑-急诊学	https://www.shixiseng.com/intern/inn_orfahlk6ckey?pcm=pc_SearchList	150-200/天
46	全国	圣才电子书	4个月	2天/周	学科编辑-经济类（线上）	https://www.shixiseng.com/intern/inn_ketx3lnmucsh?pcm=pc_SearchList	200-300/天
47	北京	链家	12个月	6天/周	大三储备销售	https://www.shixiseng.com/intern/inn_sput3wfftgsu?pcm=pc_SearchList	面议
48	成都	贝壳	8个月	6天/周	实习生/储备干部	https://www.shixiseng.com/intern/inn_csybx6kdzzzr?pcm=pc_SearchList	150-200/天
49	全国	圣才电子书	3个月	2天/周	编辑实习生（公共卫生/预防医学）	https://www.shixiseng.com/intern/inn_x7igzpcsm0pv?pcm=pc_SearchList	200-300/天
50	北京	搜狐	3个月	4天/周	数据开发实习生	https://www.shixiseng.com/intern/inn_jfh0d0tqmejc?pcm=pc_SearchList	200-300/天
51	全国	圣才电子书	4个月	1天/周	学科编辑-服装类（线上）	https://www.shixiseng.com/intern/inn_gjvjoz44myek?pcm=pc_SearchList	200-300/天
52	温州	昇聚科技	3个月	6天/周	人事行政实习生	https://www.shixiseng.com/intern/inn_x6dhjtjdmhrf?pcm=pc_SearchList	100-200/天
53	全国	圣才电子书	4个月	2天/周	学科编辑-社工类（线上）	https://www.shixiseng.com/intern/inn_k7jbkevcr6vs?pcm=pc_SearchList	200-300/天
54	全国	圣才电子书	3个月	2天/周	编辑实习生（国际贸易/国际商务方向）	https://www.shixiseng.com/intern/inn_plpvsh8pneca?pcm=pc_SearchList	200-300/天
55	成都	木朵	3个月	5天/周	媒体公关实习生	https://www.shixiseng.com/intern/inn_puln8qvtknsi?pcm=pc_SearchList	100-150/天
56	成都	国君科技	12个月	4天/周	美术设计实习生	https://www.shixiseng.com/intern/inn_hq4dmjvplfj5?pcm=pc_SearchList	80-120/天
57	全国	圣才电子书	4个月	2天/周	学科编辑-管理类（线上）	https://www.shixiseng.com/intern/inn_zw3jq7ghsipk?pcm=pc_SearchList	200-300/天
58	全国	圣才电子书	4个月	2天/周	学科编辑-国际贸易/国际商务方向	https://www.shixiseng.com/intern/inn_qli92y63u9sc?pcm=pc_SearchList	200-300/天
59	北京	北京链家	8个月	6天/周	工商管理实习生	https://www.shixiseng.com/intern/inn_akxgw64m8twk?pcm=pc_SearchList	300-400/天
60	深圳	人生无限传媒	5个月	5天/周	新媒体运营实习生	https://www.shixiseng.com/intern/inn_mnvwihogmulv?pcm=pc_SearchList	150-200/天
61	全国	圣才电子书	3个月	2天/周	新闻/传播/广告类线上编辑实习生	https://www.shixiseng.com/intern/inn_hvr8ifuapqce?pcm=pc_SearchList	200-300/天
62	成都	国君科技	12个月	4天/周	海外品牌社交媒体运营编辑	https://www.shixiseng.com/intern/inn_yvbzftcl8ztk?pcm=pc_SearchList	100-150/天
63	成都	国君科技	12个月	5天/周	媒体媒介实习生	https://www.shixiseng.com/intern/inn_jeqcot9vngrj?pcm=pc_SearchList	100-150/天
64	全国	圣才电子书	4个月	2天/周	编辑实习生（英美文学/英语语言文学/英语教学论）	https://www.shixiseng.com/intern/inn_6m5g9ao5mjbr?pcm=pc_SearchList	200-300/天
65	上海	中青旅会展	4天/周	5天/周	活动项目助理-校招	https://www.shixiseng.com/intern/inn_nujkuytmijlr?pcm=pc_SearchList	120-150/天
66	成都	木朵	5天/周	12个月	平面设计美工	https://www.shixiseng.com/intern/inn_bffftzmrtcau?pcm=pc_SearchList	100-150/天
67	广州	英虎网络	5天/周	10个月	亚马逊运营助理	https://www.shixiseng.com/intern/inn_s7t9ujndmda0?pcm=pc_SearchList	100-150/天
68	深圳	人生无限传媒	5天/周	8个月	新媒体运营推广	https://www.shixiseng.com/intern/inn_eqeoakhvpicx?pcm=pc_SearchList	150-180/天
69	广州	广州晋雄	2天/周	3个月	储备交易员	https://www.shixiseng.com/intern/inn_tmogtsvv3pl6?pcm=pc_SearchList	100-150/天
70	全国	圣才电子书	5天/周	3个月	编辑实习生（音乐/美术/舞蹈方向）	https://www.shixiseng.com/intern/inn_js2iggvmof3v?pcm=pc_SearchList	200-300/天
71	深圳	人生无限传媒	3天/周	10个月	新媒体内容编辑	https://www.shixiseng.com/intern/inn_vkahguorpegy?pcm=pc_SearchList	150-180/天
72	武汉	滴滴出行	2天/周	3个月	用户增长实习生	https://www.shixiseng.com/intern/inn_b4whbtfciloa?pcm=pc_SearchList	150-200/天
73	全国	圣才电子书	4天/周	4个月	学科编辑-体育类（线上）	https://www.shixiseng.com/intern/inn_xod84na33j4r?pcm=pc_SearchList	200-300/天
74	成都	木朵	5天/周	12个月	媒介媒体投放实习生	https://www.shixiseng.com/intern/inn_kf665zlna2bd?pcm=pc_SearchList	100-150/天
75	深圳	人生无限传媒	1天/周	11个月	短视频达人	https://www.shixiseng.com/intern/inn_fq1mrz2gsrzd?pcm=pc_SearchList	180-300/天
76	全国	圣才电子书	3天/周	12个月	线上资产评估保险精算远程编辑	https://www.shixiseng.com/intern/inn_xiozfjbj4ecm?pcm=pc_SearchList	150-300/天
77	北京	滴滴出行	4天/周	3个月	产品运营实习生	https://www.shixiseng.com/intern/inn_jl0z7387wmmg?pcm=pc_SearchList	200-300/天
78	成都	木朵	3天/周	11个月	新媒体内容运营	https://www.shixiseng.com/intern/inn_ahlf9fb0hbuw?pcm=pc_SearchList	100-150/天
79	全国	圣才电子书	15-50人	3个月	税务编辑实习生	https://www.shixiseng.com/intern/inn_sdtwme84ccqz?pcm=pc_SearchList	150-200/天
80	厦门	吉比特	3个月	5天/周	企划实习生（厦门）	https://www.shixiseng.com/intern/inn_f2ul1txqk2gn?pcm=pc_SearchList	150-200/天
81	北京	375wan科技	3个月	5天/周	游戏客服兼助理	https://www.shixiseng.com/intern/inn_zmcu7kscuaa6?pcm=pc_SearchList	100-150/天
82	深圳	顺电	7个月	6天/周	营销管理储备(深圳顺电味）	https://www.shixiseng.com/intern/inn_xpua7kcbxfue?pcm=pc_SearchList	150-300/天
83	全国	圣才电子书	3个月	3天/周	学科编辑-资产评估	https://www.shixiseng.com/intern/inn_fh0eybz80rvu?pcm=pc_SearchList	150-200/天
84	北京	财鲸	4个月	5天/周	投资规划师	https://www.shixiseng.com/intern/inn_3imyntrrz4p2?pcm=pc_SearchList	150-200/天
85	北京	情画文化传媒	6个月	2天/周	青年科普志愿者	https://www.shixiseng.com/intern/inn_ns1orszndcqt?pcm=pc_SearchList	面议
86	沈阳	AAA教育	5个月	5天/周	平面设计师	https://www.shixiseng.com/intern/inn_0butyepi8hwg?pcm=pc_SearchList	100-200/天
87	北京	金证优智	4个月	5天/周	前端开发实习	https://www.shixiseng.com/intern/inn_gxv41ey5kv6y?pcm=pc_SearchList	200-250/天
88	成都	木朵	11个月	4天/周	海外品牌社交媒体运营实习生	https://www.shixiseng.com/intern/inn_zjnunusvjggp?pcm=pc_SearchList	100-200/天
89	全国	圣才电子书	3个月	2天/周	财会类线上编辑实习生（会计/税务/统计/资产评估）	https://www.shixiseng.com/intern/inn_q07ygzx61yco?pcm=pc_SearchList	200-300/天
90	成都	橙堡	3个月	5天/周	市场招商专员	https://www.shixiseng.com/intern/inn_ieaenu42fgzw?pcm=pc_SearchList	150-300/天
91	深圳	天雅	3个月	5天/周	电商运营	https://www.shixiseng.com/intern/inn_r2cib1smqjqx?pcm=pc_SearchList	120-180/天
92	上海	NXT智库	3个月	5天/周	短视频拍摄剪辑	https://www.shixiseng.com/intern/inn_cxf2k1in4udz?pcm=pc_SearchList	80-120/天
93	南昌	新东方	2个月	4天/周	南昌新东方市场部实习生	https://www.shixiseng.com/intern/inn_xaod3jb4lpkd?pcm=pc_SearchList	80-120/天
94	深圳	阿蒙工师	6个月	5天/周	B站运营（新媒体）	https://www.shixiseng.com/intern/inn_wyleuwfk5vjq?pcm=pc_SearchList	100-200/天
95	全国	全才京	2个月	1天/周	资产评估远程编辑实习	https://www.shixiseng.com/intern/inn_xfs25x84ijua?pcm=pc_SearchList	300-500/天
96	北京	北京链家	12个月	6天/周	销售实习生	https://www.shixiseng.com/intern/inn_j3ymgxdgolpx?pcm=pc_SearchList	250-300/天
97	上海	大雁资产	3个月	3天/周	量化研究员（实习生）	https://www.shixiseng.com/intern/inn_xntltzjaodwl?pcm=pc_SearchList	200-400/天
98	深圳	人生无限传媒	12个月	5天/周	新媒体运营	https://www.shixiseng.com/intern/inn_ufbhqs4cbouu?pcm=pc_SearchList	120-180/天
99	上海	LavaPM	6个月	3天/周	Lava Performance Marketing实习生（上海）	https://www.shixiseng.com/intern/inn_kw2bgl2vy69n?pcm=pc_SearchList	120-150/天
100	上海	风茂贸易	3个月	3天/周	买手摄影实习生（Studio Intern）	https://www.shixiseng.com/intern/inn_5c2yfggwjdju?pcm=pc_SearchList	150-180/天
101	北京	猿辅导	3个月	4天/周	社群运营实习生	https://www.shixiseng.com/intern/inn_0hqbv7jbqkuj?pcm=pc_SearchList	180-250/天
102	广州	梦映动漫	3个月	4天/周	Web前端开发实习生	https://www.shixiseng.com/intern/inn_aoldl9ex6yl3?pcm=pc_SearchList	100-120/天
103	全国	圣才电子书	3个月	3天/周	统计学编辑实习生	https://www.shixiseng.com/intern/inn_an0kvuqiukzy?pcm=pc_SearchList	150-200/天
104	重庆	百度重庆中心	6个月	5天/周	电话销售	https://www.shixiseng.com/intern/inn_u7e2atiwdbgu?pcm=pc_SearchList	150-300/天
105	深圳	秦丝科技	7个月	5天/周	短视频运营实习生	https://www.shixiseng.com/intern/inn_xpk1csl6xzof?pcm=pc_SearchList	80-150/天
106	上海	小红书	3个月	5天/周	行政实习生	https://www.shixiseng.com/intern/inn_ju02rdxkcczd?pcm=pc_SearchList	120-120/天
107	北京	考满分	4个月	4天/周	社群运营实习生	https://www.shixiseng.com/intern/inn_c5rjo5p854gz?pcm=pc_SearchList	180-200/天
108	北京	联想金融	12个月	5天/周	法务实习生	https://www.shixiseng.com/intern/inn_7xsuugiwt7qy?pcm=pc_SearchList	150-180/天
109	北京	TalkingData	3个月	5天/周	软件实施/开发实习生	https://www.shixiseng.com/intern/inn_yqfvkhfcssm1?pcm=pc_SearchList	180-200/天
110	西安	高力国际	3个月	5天/周	办公楼服务部-BD实习生	https://www.shixiseng.com/intern/inn_tsuc5e3oht3o?pcm=pc_SearchList	50-100/天
111	北京	链家	12个月	6天/周	见习租赁经纪人，接受大四实习	https://www.shixiseng.com/intern/inn_tmpvakal20yu?pcm=pc_SearchList	250-300/天
112	北京	高力国际	6个月	4天/周	办公楼服务部实习生-韩语	https://www.shixiseng.com/intern/inn_oezcl6ioptpr?pcm=pc_SearchList	100-120/天
113	西安	高力国际	12个月	5天/周	办公楼服务 实习生	https://www.shixiseng.com/intern/inn_9luragfwodzk?pcm=pc_SearchList	50-100/天
114	西安	万唯教育	4个月	4天/周	中考图书校对实习	https://www.shixiseng.com/intern/inn_6cvgdhh7qkw8?pcm=pc_SearchList	100-200/天
115	全国	圣才电子书	3个月	2天/周	会计编辑实习生	https://www.shixiseng.com/intern/inn_9zuoiepsduxo?pcm=pc_SearchList	150-300/天
116	广州	龙沙集团	7个月	5天/周	实习生-研发/QC	https://www.shixiseng.com/intern/inn_0rcfsj5gqc8q?pcm=pc_SearchList	100-150/天
117	上海	Kelly	3个月	3天/周	行政前台实习生	https://www.shixiseng.com/intern/inn_izyllnfywq3w?pcm=pc_SearchList	120-120/天
118	成都	心田花开	3天/周	5天/周	中小学数学教师	https://www.shixiseng.com/intern/inn_an10dxcswfpy?pcm=pc_SearchList	200-400/天
119	广州	麦当劳	2000人以上	6个月	IT实习生-软件开发	https://www.shixiseng.com/intern/inn_qevbdvh9jbb8?pcm=pc_SearchList	面议
120	北京	链家	18个月	6天/周	北京链家五棵松大区见习销售岗	https://www.shixiseng.com/intern/inn_scudyodmwjtg?pcm=pc_SearchList	150-200/天
121	杭州	恒生聚源	3个月	5天/周	2021金融数据采集实习生	https://www.shixiseng.com/intern/inn_lrfcbolnzkwe?pcm=pc_SearchList	100-150/天
122	北京	链家	12个月	6天/周	不动产市场营销顾问	https://www.shixiseng.com/intern/inn_mozykcqrgzhl?pcm=pc_SearchList	150-200/天
123	苏州	 中德联信 	1个月	5天/周	车险服务顾问	https://www.shixiseng.com/intern/inn_rum9qgnjyt5x?pcm=pc_SearchList	200-400/天
124	北京	搜狐	3个月	4天/周	测试实习生	https://www.shixiseng.com/intern/inn_n5a7vfzylrjv?pcm=pc_SearchList	100-200/天
125	杭州	全景数据	3个月	5天/周	运营岗实习	https://www.shixiseng.com/intern/inn_vfr1clelpxbm?pcm=pc_SearchList	100-200/天
126	上海	NXT智库	3个月	5天/周	短视频运营助理	https://www.shixiseng.com/intern/inn_tsqbajwam5nf?pcm=pc_SearchList	80-120/天
127	深圳	麦克斯出国	3个月	5天/周	运营助理	https://www.shixiseng.com/intern/inn_qdznyaf4zggg?pcm=pc_SearchList	100-150/天
128	广州	梦映动漫	3个月	4天/周	服务端开发实习生(PHP/Go)	https://www.shixiseng.com/intern/inn_ocmhnatxk2xu?pcm=pc_SearchList	100-120/天
129	武汉	创达猎星	3个月	6天/周	售后客服/住宿	https://www.shixiseng.com/intern/inn_8bmdza7awt23?pcm=pc_SearchList	150-180/天
130	成都	 易商普惠	3个月	5天/周	电话销售	https://www.shixiseng.com/intern/inn_sin4s8okncbk?pcm=pc_SearchList	150-250/天
131	上海	中青博联 	4个月	3天/周	初级文案策划-21届	https://www.shixiseng.com/intern/inn_hbt7ulbvo0aj?pcm=pc_SearchList	120-150/天
132	全国	58到家	7个月	5天/周	运营编辑实习生	https://www.shixiseng.com/intern/inn_xkakwglnzwz1?pcm=pc_SearchList	面议
133	上海	miss curiosity	12个月	5天/周	电商运营（爆款方向）	https://www.shixiseng.com/intern/inn_ej2sgevnz1my?pcm=pc_SearchList	200-300/天
134	全国	ConKr	3个月	2天/周	市场战略实习生	https://www.shixiseng.com/intern/inn_pypmucoi3vm8?pcm=pc_SearchList	0-50/天
135	上海	金锄头科技	3个月	3天/周	人事实习生	https://www.shixiseng.com/intern/inn_eeh5wpt4x7z5?pcm=pc_SearchList	100-200/天
136	成都	贝壳	4个月	6天/周	市场营销	https://www.shixiseng.com/intern/inn_eamgxdnscyk1?pcm=pc_SearchList	100-150/天
137	西安	高力国际	7个月	4天/周	房地产规划及咨询实习生	https://www.shixiseng.com/intern/inn_btltwozjruzz?pcm=pc_SearchList	100-150/天
138	杭州	中控信息	3个月	5天/周	算法工程师（人工智能）-实习	https://www.shixiseng.com/intern/inn_e0cbvxvccs2u?pcm=pc_SearchList	150-200/天
139	广州	雀享科技	4个月	5天/周	总经理助理	https://www.shixiseng.com/intern/inn_tjvsd16k09fv?pcm=pc_SearchList	100-150/天
140	广州	时趣互动	3个月	5天/周	AE（客户执行）实习生【2021】	https://www.shixiseng.com/intern/inn_acnjlql0uvpt?pcm=pc_SearchList	100-120/天
141	上海	EF-EdTech	3个月	5天/周	QA Engineer Intern	https://www.shixiseng.com/intern/inn_q2tmaukyxqqp?pcm=pc_SearchList	120-150/天
142	上海	miss curiosity	12个月	5天/周	抖音/短视频运营	https://www.shixiseng.com/intern/inn_sgmzxdbq9ts0?pcm=pc_SearchList	200-300/天
143	南京	MOA	2个月	2天/周	营销实习生	https://www.shixiseng.com/intern/inn_itet8loguh5c?pcm=pc_SearchList	150-200/天
144	上海	transcosmos	3个月	5天/周	法务助理（21-22届实习生）	https://www.shixiseng.com/intern/inn_5e7n4rg9bsc3?pcm=pc_SearchList	150-150/天
145	深圳	天雅	3个月	5天/周	财务实习生	https://www.shixiseng.com/intern/inn_tn4of17cqtuw?pcm=pc_SearchList	120-150/天
146	北京	链家	19个月	6天/周	顾问见习生	https://www.shixiseng.com/intern/inn_ctwnge706kzj?pcm=pc_SearchList	200-300/天
147	厦门	同步推	6个月	5天/周	运维工程师	https://www.shixiseng.com/intern/inn_7krfzvu6psp7?pcm=pc_SearchList	100-150/天
148	厦门	华润置地厦门公司	3个月	5天/周	工程岗实习生	https://www.shixiseng.com/intern/inn_hzcb8gjddk5k?pcm=pc_SearchList	面议
149	北京	聚力维度	3个月	6天/周	GPU并行计算工程师（实习）	https://www.shixiseng.com/intern/inn_rs9lfztiqomm?pcm=pc_SearchList	150-250/天
150	郑州	高途课堂	2个月	6天/周	课程顾问	https://www.shixiseng.com/intern/inn_nqdffaflwppv?pcm=pc_SearchList	80-80/天
151	北京	链家	12个月	6天/周	八宝庄房产销售代表	https://www.shixiseng.com/intern/inn_wniopoahg8wg?pcm=pc_SearchList	150-200/天
152	全国	北京链家	12个月	6天/周	应届生实习运营干部	https://www.shixiseng.com/intern/inn_kciymllma80e?pcm=pc_SearchList	200-400/天
153	沈阳	AAA教育	4个月	5天/周	UI实习生	https://www.shixiseng.com/intern/inn_w2flcqzzuqh0?pcm=pc_SearchList	100-200/天
154	成都	漠洲英语	12个月	6天/周	销售专员	https://www.shixiseng.com/intern/inn_tbdo48kajv75?pcm=pc_SearchList	300-400/天
155	成都	贝壳	7个月	6天/周	销售代表/销售专员/销售精英	https://www.shixiseng.com/intern/inn_wvzucemc6ycx?pcm=pc_SearchList	100-150/天
156	武汉	世纪知点	4个月	5天/周	日语老师	https://www.shixiseng.com/intern/inn_ky86ehmewbcu?pcm=pc_SearchList	250-300/天
157	济南	华图教育	4个月	5天/周	实习生（市场方向）	https://www.shixiseng.com/intern/inn_q1rzep6cb2b3?pcm=pc_SearchList	150-250/天
158	北京	万酋科技	12个月	3天/周	测控仿真建模实习生	https://www.shixiseng.com/intern/inn_6j8qoykrerrf?pcm=pc_SearchList	80-150/天
159	清远	我武生物	12个月	5天/周	医药销售代表\医学信息沟通专员（广东-清远）	https://www.shixiseng.com/intern/inn_vdnw773n0egy?pcm=pc_SearchList	120-200/天
160	上海	中青博联 	4个月	3天/周	会展客户助理-21届	https://www.shixiseng.com/intern/inn_b5yvznyjd2f5?pcm=pc_SearchList	120-150/天
161	上海	东吴金科	5天/周	3天/周	文案策划实习生（金融）	https://www.shixiseng.com/intern/inn_3sbtwkrg5fdr?pcm=pc_SearchList	150-150/天
162	武汉	博联众科	5天/周	6个月	平面/交互设计师	https://www.shixiseng.com/intern/inn_uz74wtckgqyv?pcm=pc_SearchList	80-100/天
163	成都	 易商普惠	6天/周	3个月	客户开发专员	https://www.shixiseng.com/intern/inn_bgumqjwptywv?pcm=pc_SearchList	120-200/天
164	重庆	金夫人	5天/周	12个月	软件开发实习生	https://www.shixiseng.com/intern/inn_tqb7o74wr9pr?pcm=pc_SearchList	100-120/天
165	成都	心田花开	3个月	5天/周	在线咨询老师	https://www.shixiseng.com/intern/inn_e21ef2mdsphh?pcm=pc_SearchList	150-250/天
166	成都	链家	6个月	5天/周	校园招聘专员	https://www.shixiseng.com/intern/inn_q7notv8e5omw?pcm=pc_SearchList	150-200/天
167	上海	DaoCloud	6个月	5天/周	运维实习生	https://www.shixiseng.com/intern/inn_aohmpqywwtha?pcm=pc_SearchList	150-200/天
168	上海	FullMonty	4个月	5天/周	用户运营实习生	https://www.shixiseng.com/intern/inn_c67ln573nxg5?pcm=pc_SearchList	120-150/天
169	武汉	考满分	3个月	4天/周	班主任/辅导老师实习生	https://www.shixiseng.com/intern/inn_qa2tuq2zgks8?pcm=pc_SearchList	100-100/天
170	广州	欢聚集团	12个月	5天/周	海外活动运营实习生	https://www.shixiseng.com/intern/inn_suedzcbf8b6k?pcm=pc_SearchList	100-150/天
171	上海	高顿教育	12个月	5天/周	审核实习生	https://www.shixiseng.com/intern/inn_se5m6dnvrvf6?pcm=pc_SearchList	120-150/天
172	广州	麦壳	24个月	6天/周	淘宝客服	https://www.shixiseng.com/intern/inn_1bllqdpf1pf7?pcm=pc_SearchList	100-150/天
173	北京	链家	3个月	3天/周	房屋交易置业顾问	https://www.shixiseng.com/intern/inn_0fx3w9fnrydn?pcm=pc_SearchList	200-300/天
174	上海	SIBCO	10个月	5天/周	金融助理	https://www.shixiseng.com/intern/inn_lxuctltnakyw?pcm=pc_SearchList	150-200/天
175	鄂州	我武生物	6个月	5天/周	医药销售代表/医学信息沟通专员（湖北-鄂州）	https://www.shixiseng.com/intern/inn_wxgnrf4vvbfi?pcm=pc_SearchList	120-200/天
176	北京	昭衍生物	1个月	5天/周	质量控制部生化实习生	https://www.shixiseng.com/intern/inn_e1feltfi5gc9?pcm=pc_SearchList	80-120/天
177	上海	锐博集团	3个月	5天/周	豪宅顾问实习生	https://www.shixiseng.com/intern/inn_ct7wve99tqv6?pcm=pc_SearchList	400-800/天
178	上海	CinClearn	500-2000人	5天/周	Marketing Intern	https://www.shixiseng.com/intern/inn_jv8u8qqqeeon?pcm=pc_SearchList	100-100/天
179	西安	心田花开	2000人以上	500-2000人	课程咨询顾问	https://www.shixiseng.com/intern/inn_unzwlsdweqm1?pcm=pc_SearchList	80-120/天
180	全国	圣才电子书	3个月	2天/周	学科编辑-教育类（线上）	https://www.shixiseng.com/intern/inn_x76p7jafuwdm?pcm=pc_SearchList	200-300/天
181	荆州	我武生物	12个月	5天/周	医药销售代表/医药信息沟通专员	https://www.shixiseng.com/intern/inn_b2grmmfe5ent?pcm=pc_SearchList	100-120/天
182	武汉	玛氏箭牌	3个月	5天/周	玛氏箭牌-发展运作实习生	https://www.shixiseng.com/intern/inn_wdjmgjjt9co5?pcm=pc_SearchList	100-150/天
183	攀枝花	国控四川	3个月	5天/周	医院商务销售实习生	https://www.shixiseng.com/intern/inn_ld6xqwh1kic3?pcm=pc_SearchList	80-100/天
184	西安	高力国际	3个月	5天/周	办公楼服务部-TR实习生	https://www.shixiseng.com/intern/inn_3ovxlzavd0xr?pcm=pc_SearchList	50-100/天
185	北京	LINEChina	3个月	3天/周	招聘专员	https://www.shixiseng.com/intern/inn_bhe5ntpcf88d?pcm=pc_SearchList	150-200/天
186	上海	慨蜜科技	6个月	3天/周	项目助理	https://www.shixiseng.com/intern/inn_nurboika3cls?pcm=pc_SearchList	120-180/天
187	台州	我武生物	12个月	5天/周	医药销售代表\医学信息沟通专员（浙江-台州）	https://www.shixiseng.com/intern/inn_xsfrlnuuey2a?pcm=pc_SearchList	100-200/天
188	成都	国控四川	11个月	5天/周	外宣与品牌管理实习生	https://www.shixiseng.com/intern/inn_b6bmrvpruogf?pcm=pc_SearchList	50-80/天
189	宁波	量子云贸易	3个月	6天/周	营销储备干部	https://www.shixiseng.com/intern/inn_y41glajki5uk?pcm=pc_SearchList	200-300/天
190	广州	彩兔科技	1个月	5天/周	运营实习	https://www.shixiseng.com/intern/inn_tfqbh825arzc?pcm=pc_SearchList	50-80/天
191	广州	美好集团	6个月	6天/周	客服实习生（电商）	https://www.shixiseng.com/intern/inn_gzqexehvqsud?pcm=pc_SearchList	100-120/天
192	武汉	高途课堂	3个月	5天/周	辅导老师（训练营）	https://www.shixiseng.com/intern/inn_myn5zd4vvbnb?pcm=pc_SearchList	80-120/天
193	北京	北京链家	3个月	6天/周	销售专员	https://www.shixiseng.com/intern/inn_rnibyahc8mer?pcm=pc_SearchList	180-250/天
194	嘉兴	银泰百货	4个月	5天/周	工程助理	https://www.shixiseng.com/intern/inn_l4gfphlalpeq?pcm=pc_SearchList	150-200/天
195	南京	心田花开	5天/周	5天/周	课程咨询师（新街口）	https://www.shixiseng.com/intern/inn_lit47yxrzaxx?pcm=pc_SearchList	150-250/天
196	北京	评谷教育	6天/周	2个月	互联网销售实习生	https://www.shixiseng.com/intern/inn_l2dxwdfr5cci?pcm=pc_SearchList	50-80/天
197	北京	链家	5天/周	12个月	房产销售代表	https://www.shixiseng.com/intern/inn_3wcfkrolt3ms?pcm=pc_SearchList	250-300/天
198	北京	昭衍生物	5天/周	6个月	中试配液部实习生	https://www.shixiseng.com/intern/inn_jjp5pxnvaeig?pcm=pc_SearchList	80-120/天
199	黄石	我武生物	2000人以上	12个月	医药销售代表\医学信息沟通专员（湖北—大冶）	https://www.shixiseng.com/intern/inn_v8lfvvzn4rzl?pcm=pc_SearchList	120-200/天
200	上海	文汇	2个月	3天/周	招投标实习生	https://www.shixiseng.com/intern/inn_g2f5lp4d8xq4?pcm=pc_SearchList	80-80/天
201	广州	 摩航时代 	3个月	3天/周	印尼语运营实习生	https://www.shixiseng.com/intern/inn_u3wknj2hw4zc?pcm=pc_SearchList	100-200/天
202	全国	燃石医学	5个月	5天/周	销售实习生	https://www.shixiseng.com/intern/inn_pe7kgxqcx3un?pcm=pc_SearchList	120-150/天
203	上海	中青博联 	4个月	3天/周	3D设计助理-21届	https://www.shixiseng.com/intern/inn_7kzdlys5dqhi?pcm=pc_SearchList	120-150/天
204	北京	考满分	3个月	4天/周	用户运营实习生	https://www.shixiseng.com/intern/inn_haox0d7scp5h?pcm=pc_SearchList	150-200/天
205	上海	传音控股	3个月	5天/周	大数据开发实习生	https://www.shixiseng.com/intern/inn_m3ub40h3j9zs?pcm=pc_SearchList	200-250/天
206	杭州	建科设计院	3个月	5天/周	建筑实习生	https://www.shixiseng.com/intern/inn_ufhyhqaqwiml?pcm=pc_SearchList	80-100/天
207	上海	友沈贸易	3个月	5天/周	前台接待/服务实习	https://www.shixiseng.com/intern/inn_sislfiduf8cl?pcm=pc_SearchList	200-400/天
208	北京	昭衍生物	6个月	5天/周	中试辅助部门文件管理实习生	https://www.shixiseng.com/intern/inn_qtnd4dch8kjk?pcm=pc_SearchList	80-120/天
209	北京	北京链家 	3个月	5天/周	职业顾问	https://www.shixiseng.com/intern/inn_kbdp81uzfyqu?pcm=pc_SearchList	500-1000/天
210	长沙	湘润教育	3个月	4天/周	经济学实习生	https://www.shixiseng.com/intern/inn_xstuilfqwfcb?pcm=pc_SearchList	150-250/天
211	北京	北京链家	4个月	6天/周	营销顾问	https://www.shixiseng.com/intern/inn_mlzzrhyctcwu?pcm=pc_SearchList	200-300/天
212	云浮	我武生物	12个月	5天/周	医药销售代表\医学信息沟通专员（广东-云浮）	https://www.shixiseng.com/intern/inn_dw0ecb0k6hds?pcm=pc_SearchList	120-200/天
213	武汉	高途课堂	2个月	6天/周	训练营辅导老师【暑期实习】	https://www.shixiseng.com/intern/inn_f0fqkxz45dqz?pcm=pc_SearchList	80-150/天
214	常州	指南者教育	3个月	3天/周	信息编辑实习生	https://www.shixiseng.com/intern/inn_tgsmmsmixuo6?pcm=pc_SearchList	100-150/天
215	杭州	恒生聚源	6个月	5天/周	人事行政实习生	https://www.shixiseng.com/intern/inn_vhrgm2m62eji?pcm=pc_SearchList	150-200/天
216	北京	万酋科技	12个月	3天/周	仿真控制建模科研助理实习生	https://www.shixiseng.com/intern/inn_ongx5gmfi38y?pcm=pc_SearchList	80-150/天
217	永州	我武生物	10个月	5天/周	医药销售代表/医学信息沟通专员（湖南-永州）	https://www.shixiseng.com/intern/inn_1icuc2m7gmth?pcm=pc_SearchList	120-200/天
218	北京	币信	12个月	5天/周	UI设计师	https://www.shixiseng.com/intern/inn_jslmd7bpkcxd?pcm=pc_SearchList	150-300/天
219	沈阳	AAA教育	8个月	5天/周	设计师助理	https://www.shixiseng.com/intern/inn_nkbuq4jo7ilh?pcm=pc_SearchList	180-200/天
220	柳州	时趣互动	3个月	5天/周	AE实习生	https://www.shixiseng.com/intern/inn_dyce7ytyj9vw?pcm=pc_SearchList	100-150/天
221	呼和浩特	我武生物	12个月	5天/周	医药销售代表（呼和浩特）	https://www.shixiseng.com/intern/inn_csgxrjlbwohe?pcm=pc_SearchList	100-150/天
222	湖州	我武生物	3个月	4天/周	人事专员	https://www.shixiseng.com/intern/inn_xxjxwbduuhmk?pcm=pc_SearchList	100-200/天
223	深圳	人生无限传媒	6个月	5天/周	新媒体编剧	https://www.shixiseng.com/intern/inn_yxxlxevvtpiw?pcm=pc_SearchList	150-200/天
224	北京	中子星金融	3个月	5天/周	市场实习生	https://www.shixiseng.com/intern/inn_kjxchbhr17ee?pcm=pc_SearchList	100-200/天
225	南京	心田花开	6天/周	5天/周	中小学语文教师	https://www.shixiseng.com/intern/inn_xle2fbbrjqrp?pcm=pc_SearchList	300-500/天
226	北京	链家	6天/周	13个月	存量房销售顾问	https://www.shixiseng.com/intern/inn_xaxlxc8u9c39?pcm=pc_SearchList	300-400/天
227	武汉	武汉高途课堂	5天/周	2个月	实习训练营辅导老师（21/22/23届）	https://www.shixiseng.com/intern/inn_lthqbxagn15q?pcm=pc_SearchList	100-180/天
228	深圳	欣天雅	6天/周	7个月	亚马逊运营（销售）	https://www.shixiseng.com/intern/inn_catgujtadnhc?pcm=pc_SearchList	150-200/天
229	北京	北京链家	5天/周	3个月	市场营销实习生	https://www.shixiseng.com/intern/inn_rtdgxsygkrxf?pcm=pc_SearchList	180-250/天
230	周口	我武生物	5天/周	8个月	医药销售代表/医学信息沟通专员（河南-周口）	https://www.shixiseng.com/intern/inn_qso8eaofh6mz?pcm=pc_SearchList	120-200/天
231	深圳	秦丝科技	5天/周	3个月	渠道专员	https://www.shixiseng.com/intern/inn_ztzmywrxu0z4?pcm=pc_SearchList	100-150/天
232	北京	初心喜乐传媒	5天/周	4个月	运营助理	https://www.shixiseng.com/intern/inn_t7d32t2gmj23?pcm=pc_SearchList	100-150/天
233	宁波	萌牙科技	12个月	5天/周	文案策划助理（B站/微博/小红书）	https://www.shixiseng.com/intern/inn_twb43506kmgr?pcm=pc_SearchList	400-500/天
234	北京	11文化	3个月	5天/周	活动策划执行实习生	https://www.shixiseng.com/intern/inn_2wnm38s0t2rd?pcm=pc_SearchList	100-100/天
235	上海	雷殷科技	3个月	4天/周	前端开发	https://www.shixiseng.com/intern/inn_seolmmlfvun6?pcm=pc_SearchList	300-300/天
236	天津	捷信消费金融	12个月	5天/周	IT桌面运维实习生-Tianjin	https://www.shixiseng.com/intern/inn_tjpxwxdsqzlo?pcm=pc_SearchList	120-150/天
237	临高	我武生物	12个月	5天/周	医药销售代表\医学信息沟通专员（海南-临高）	https://www.shixiseng.com/intern/inn_uoenbul5iddq?pcm=pc_SearchList	120-200/天
238	西安	热风 	1个月	1天/周	财务实习生	https://www.shixiseng.com/intern/inn_4h8mumt87g5a?pcm=pc_SearchList	50-100/天
239	全国	圣才电子书	2000人以上	2000人以上	资产评估专业产品远程实习	https://www.shixiseng.com/intern/inn_vpbyoi15qmwd?pcm=pc_SearchList	200-400/天
240	上海	上海锥能	3个月	5天/周	算法工程师实习生	https://www.shixiseng.com/intern/inn_thfvryadzxz8?pcm=pc_SearchList	150-200/天
241	北京	北京链家	3个月	6天/周	应届实习生/销售	https://www.shixiseng.com/intern/inn_9o3mydkic535?pcm=pc_SearchList	180-300/天
242	北京	她理财	0个月	4天/周	社区运营	https://www.shixiseng.com/intern/inn_zpxxfxow6epf?pcm=pc_SearchList	100-175/天
243	成都	斯达领科	6个月	6天/周	英语客服实习生	https://www.shixiseng.com/intern/inn_kxem7hnoi0cg?pcm=pc_SearchList	100-150/天
244	深圳	捷信消费金融	3个月	4天/周	IT桌面运维实习生-深圳	https://www.shixiseng.com/intern/inn_rasn0c6etret?pcm=pc_SearchList	120-150/天
245	上海	摩芮思	3个月	3天/周	韩语游戏客服实习生	https://www.shixiseng.com/intern/inn_mtnvya6gybaz?pcm=pc_SearchList	80-150/天
246	上海	文汇	2个月	3天/周	工程造价实习生	https://www.shixiseng.com/intern/inn_krxgou0xtl2a?pcm=pc_SearchList	80-80/天
247	上海	Avazu	3个月	3天/周	海外运营实习生（俄语）	https://www.shixiseng.com/intern/inn_cbbalypt85gs?pcm=pc_SearchList	120-150/天
248	北京	鹏博士大数据	6个月	5天/周	云计算研发工程师	https://www.shixiseng.com/intern/inn_w1ezqvnz6jbk?pcm=pc_SearchList	300-500/天
249	苏州	 中德联信 	3个月	5天/周	管培生	https://www.shixiseng.com/intern/inn_jra3ffais7gw?pcm=pc_SearchList	100-150/天
250	合肥	京翰教育	3个月	6天/周	电话外呼实习生	https://www.shixiseng.com/intern/inn_diolmdvoiemu?pcm=pc_SearchList	100-150/天
251	武汉	高途课堂	3个月	5天/周	管培生	https://www.shixiseng.com/intern/inn_gnyp5tbhnipv?pcm=pc_SearchList	80-150/天
252	常州	我武生物	12个月	5天/周	医药销售代表/医药信息沟通专员	https://www.shixiseng.com/intern/inn_08thufvkwtti?pcm=pc_SearchList	100-120/天
253	成都	斯达领科	6个月	6天/周	人事专员	https://www.shixiseng.com/intern/inn_rrshynhuti5l?pcm=pc_SearchList	120-200/天
254	长沙	湘润教育	6个月	4天/周	英文写作实习任务主管	https://www.shixiseng.com/intern/inn_evfkde4wsdv2?pcm=pc_SearchList	100-200/天
255	郴州	我武生物	11个月	5天/周	医药销售代表/医学信息沟通专员（湖南-郴州）	https://www.shixiseng.com/intern/inn_yh3zlpm8zu30?pcm=pc_SearchList	120-200/天
256	北京	《财经》杂志	3个月	3天/周	短视频运营实习生	https://www.shixiseng.com/intern/inn_txae7so1lolk?pcm=pc_SearchList	100-100/天
257	北京	方引网校	11个月	5天/周	电话销售	https://www.shixiseng.com/intern/inn_dy3rwq66hqle?pcm=pc_SearchList	150-200/天
258	北京	昭衍生物	6个月	5天/周	仓库协调员实习生	https://www.shixiseng.com/intern/inn_nxsjif9peim2?pcm=pc_SearchList	80-120/天
259	北京	学而思网校	2个月	6天/周	暑期运营实习生	https://www.shixiseng.com/intern/inn_oj7vkwiymyfg?pcm=pc_SearchList	150-200/天
260	上海	DB Schenker	8个月	4天/周	（2021年毕业）海运单证 实习生（上海）	https://www.shixiseng.com/intern/inn_zh60t08yuvp2?pcm=pc_SearchList	100-120/天
261	长沙	58到家	4个月	5天/周	远程编辑实习生	https://www.shixiseng.com/intern/inn_orvylevc5b2o?pcm=pc_SearchList	1-50/天
262	北京	和家生活科技	3个月	5天/周	运营管理实习生	https://www.shixiseng.com/intern/inn_uwgaauujqlla?pcm=pc_SearchList	150-200/天
263	上海	夏易营销	4个月	4天/周	网站文字编辑/SEO编辑	https://www.shixiseng.com/intern/inn_uzqzkylqssja?pcm=pc_SearchList	100-150/天
264	上海	传音控股	3个月	5天/周	法语运营实习生	https://www.shixiseng.com/intern/inn_6hed9g4d241z?pcm=pc_SearchList	150-180/天
265	成都	链家	3个月	5天/周	资产处置专员	https://www.shixiseng.com/intern/inn_hkv0dwf3lon4?pcm=pc_SearchList	120-180/天
266	成都	心田花开	6天/周	5天/周	少儿英语教师	https://www.shixiseng.com/intern/inn_hitshu5sdrsg?pcm=pc_SearchList	200-400/天
267	深圳	顺电	6天/周	8个月	营销管理储备（顺电味）	https://www.shixiseng.com/intern/inn_dpulms8cbmxh?pcm=pc_SearchList	150-180/天
268	上海	链家	3个月	4天/周	房产销售	https://www.shixiseng.com/intern/inn_72aonussz6ap?pcm=pc_SearchList	300-500/天
269	佛山	东湖棋院俱乐部	6个月	5天/周	市场调研实习生	https://www.shixiseng.com/intern/inn_2p2sxltczzrc?pcm=pc_SearchList	120-120/天
270	北京	昭衍生物	3个月	5天/周	质量控制部微生物实习生	https://www.shixiseng.com/intern/inn_wd6svloht8mx?pcm=pc_SearchList	80-120/天
271	广州	启量科技	3个月	6天/周	电话销售实习生	https://www.shixiseng.com/intern/inn_kvjufkacudzm?pcm=pc_SearchList	150-300/天
272	成都	链家	6个月	6天/周	置业顾问	https://www.shixiseng.com/intern/inn_c6p4qf7y4o12?pcm=pc_SearchList	100-120/天
273	惠州	碧桂园	9个月	5天/周	项目秘书实习生	https://www.shixiseng.com/intern/inn_mkumuf93fude?pcm=pc_SearchList	100-150/天
274	厦门	同步推	3个月	7天/周	资源编辑	https://www.shixiseng.com/intern/inn_wqv2ivcqzbep?pcm=pc_SearchList	100-150/天
275	张家口	景泰建设	3个月	5天/周	施工助理	https://www.shixiseng.com/intern/inn_cebqamerdxkj?pcm=pc_SearchList	80-100/天
276	北京	App Annie	3个月	4天/周	游戏测评实习生	https://www.shixiseng.com/intern/inn_a2uubssdyymq?pcm=pc_SearchList	200-250/天
277	上海	爱驰汽车	12个月	5天/周	渠道支持实习生	https://www.shixiseng.com/intern/inn_dc7furtexouy?pcm=pc_SearchList	150-150/天
278	保定	我武生物	9个月	6天/周	医药销售代表（保定）	https://www.shixiseng.com/intern/inn_itz22lf7kvim?pcm=pc_SearchList	100-150/天
279	北京	北京链家	150-500人	2000人以上	房产置业顾问实习生	https://www.shixiseng.com/intern/inn_0wrjebrcy6wj?pcm=pc_SearchList	250-300/天
280	上海	ezbuy	3个月	5天/周	运营实习生	https://www.shixiseng.com/intern/inn_js4abodoksaa?pcm=pc_SearchList	120-150/天
281	南昌	学求易教育	3个月	3天/周	一对一家教老师（南昌校区）	https://www.shixiseng.com/intern/inn_c2hezlvrwg3r?pcm=pc_SearchList	100-180/天
282	天门	我武生物	12个月	5天/周	医药销售代表/医药信息沟通专员	https://www.shixiseng.com/intern/inn_a2wfb4weaf5b?pcm=pc_SearchList	100-120/天
283	北京	自达康	12个月	4天/周	视频编导/后期	https://www.shixiseng.com/intern/inn_bg7x4zftdtg4?pcm=pc_SearchList	100-150/天
284	北京	链家	3个月	6天/周	销售实习生	https://www.shixiseng.com/intern/inn_ayhm2fpwk0iw?pcm=pc_SearchList	400-500/天
285	广州	梦映动漫	3个月	5天/周	Android开发实习生	https://www.shixiseng.com/intern/inn_7j2uyqjljuzj?pcm=pc_SearchList	100-120/天
286	广州	植观	12个月	4天/周	小红书运营实习生	https://www.shixiseng.com/intern/inn_wbjfmq1wsepw?pcm=pc_SearchList	100-150/天
287	北京	自如网	3个月	5天/周	HR实习生（招聘方向）	https://www.shixiseng.com/intern/inn_0o21hng4eyxi?pcm=pc_SearchList	150-180/天
288	上海	中云数据	3个月	5天/周	测试工程师实习	https://www.shixiseng.com/intern/inn_bpqxefkgtnpf?pcm=pc_SearchList	100-200/天
289	北京	龙图游戏	4个月	5天/周	运营专员-2021届校招-北京	https://www.shixiseng.com/intern/inn_1pwgxpzm4bdi?pcm=pc_SearchList	180-250/天
290	漳州	我武生物	12个月	5天/周	医药销售代表\医学信息沟通专员（福建—漳浦）	https://www.shixiseng.com/intern/inn_fm9wlusyzfbf?pcm=pc_SearchList	120-150/天
291	北京	NIO蔚来	5个月	5天/周	图像算法实习生（开发调试方向）	https://www.shixiseng.com/intern/inn_r9w08tq0ggr7?pcm=pc_SearchList	300-300/天
292	上海	东吴金科	3天/周	3天/周	新媒体实习生（金融）	https://www.shixiseng.com/intern/inn_ccoyb4qzpn6b?pcm=pc_SearchList	140-150/天
293	全国	复英科技	3天/周	1个月	淘宝运营推广实习生	https://www.shixiseng.com/intern/inn_bezvwv36kvvy?pcm=pc_SearchList	0-50/天
294	上海	瀚森化工	3天/周	6个月	前台/接待	https://www.shixiseng.com/intern/inn_sqbszdyhfzdq?pcm=pc_SearchList	150-180/天
295	广州	星辉游戏	2天/周	5个月	职办助理	https://www.shixiseng.com/intern/inn_wovoqct9cfna?pcm=pc_SearchList	100-120/天
296	辽阳	圣才电子书	6天/周	4个月	线上实习-金融经济类	https://www.shixiseng.com/intern/inn_8ptbc5tvwscs?pcm=pc_SearchList	200-300/天
297	北京	聚力维度	3天/周	3个月	c++研发工程实习生	https://www.shixiseng.com/intern/inn_etkapa3y1ecj?pcm=pc_SearchList	150-250/天
298	深圳	思迪信息	3个月	6天/周	量化FOF研究实习生	https://www.shixiseng.com/intern/inn_vbgsn5g1ufhb?pcm=pc_SearchList	100-200/天
299	北京	聚力维度	2000人以上	15-50人	算法优化工程师（实习）	https://www.shixiseng.com/intern/inn_h14wekpgme7n?pcm=pc_SearchList	150-250/天
300	沈阳	AAA教育	3个月	5天/周	网页设计师	https://www.shixiseng.com/intern/inn_g2tikkk42aan?pcm=pc_SearchList	180-300/天
301	深圳	乐有家	3个月	6天/周	销售实习生 	https://www.shixiseng.com/intern/inn_oitoja3kqnsr?pcm=pc_SearchList	200-250/天
302	广州	GMC	3个月	5天/周	国际买家顾问	https://www.shixiseng.com/intern/inn_atrnltzj9hwd?pcm=pc_SearchList	100-150/天
303	东营	我武生物	12个月	5天/周	医药销售代表/医学信息沟通专员（山东-东营）	https://www.shixiseng.com/intern/inn_ssboxwqwfvm1?pcm=pc_SearchList	120-200/天
304	临沂	领行贸易	11个月	6天/周	推广实习生	https://www.shixiseng.com/intern/inn_tsslh8itbgwf?pcm=pc_SearchList	200-400/天
305	深圳	智联慧通	3个月	5天/周	项目助理/项目审核	https://www.shixiseng.com/intern/inn_dixvyzytof6v?pcm=pc_SearchList	180-300/天
306	梅州	我武生物	12个月	5天/周	医药销售代表\医学信息沟通专员（广东—梅州）	https://www.shixiseng.com/intern/inn_h6mq1ogqjsks?pcm=pc_SearchList	120-200/天
307	上海	17Career(一起求职)	6个月	6天/周	咨询管培生	https://www.shixiseng.com/intern/inn_kswkyb7mxw7l?pcm=pc_SearchList	300-500/天
308	湖州	我武生物	3个月	5天/周	病理切片分析人员（浙江）	https://www.shixiseng.com/intern/inn_lq5jtibvkqzf?pcm=pc_SearchList	100-200/天
309	北京	熠文集团-曼德沃克工作室	6个月	4天/周	IT Intern	https://www.shixiseng.com/intern/inn_sxxpz4xazjzb?pcm=pc_SearchList	120-200/天
310	广州	麦壳	12个月	6天/周	财务实习生	https://www.shixiseng.com/intern/inn_ergkrevgzitf?pcm=pc_SearchList	100-150/天
311	佛山	我武生物	12个月	5天/周	销售管培生—佛山	https://www.shixiseng.com/intern/inn_lazriygsvoo5?pcm=pc_SearchList	100-200/天
312	东方	我武生物	12个月	5天/周	医药销售代表\医学信息沟通专员（海南-东方）	https://www.shixiseng.com/intern/inn_mhdlwwt6spor?pcm=pc_SearchList	120-200/天
313	全国	圣才电子书	3个月	3天/周	学科编辑-出版类	https://www.shixiseng.com/intern/inn_szhr4hv4rqum?pcm=pc_SearchList	150-200/天
314	北京	和家生活科技	3个月	5天/周	计划运营实习生	https://www.shixiseng.com/intern/inn_m7yzt0s6uwnl?pcm=pc_SearchList	150-200/天
315	武汉	 宙源科技 	6个月	5天/周	Web前端开发实习生	https://www.shixiseng.com/intern/inn_dmdwdhsglahn?pcm=pc_SearchList	100-200/天
316	重庆	Firmoo	3个月	6天/周	管理培训生	https://www.shixiseng.com/intern/inn_kykn2lheri7f?pcm=pc_SearchList	200-400/天
317	西安	展动力	6个月	5天/周	猎头管培生	https://www.shixiseng.com/intern/inn_rh0oewjwnmxx?pcm=pc_SearchList	100-200/天
318	武汉	鹏博士大数据	6个月	4天/周	python研发工程师（后端）	https://www.shixiseng.com/intern/inn_tlzg8kvkohjd?pcm=pc_SearchList	150-300/天
319	上海	猎聘网	6个月	3天/周	党办实习生	https://www.shixiseng.com/intern/inn_siirb6w0wccb?pcm=pc_SearchList	100-100/天
320	上海	链家	5天/周	7天/周	置业顾问	https://www.shixiseng.com/intern/inn_jz2dgcpgrblo?pcm=pc_SearchList	300-300/天
321	北京	App Annie	5天/周	3个月	游戏测评实习生-韩语	https://www.shixiseng.com/intern/inn_skymjmweulrh?pcm=pc_SearchList	200-250/天
322	北京	龙图游戏	6天/周	6个月	2021届-UI/UE策划实习生	https://www.shixiseng.com/intern/inn_0crsjj5tigpt?pcm=pc_SearchList	150-250/天
323	广州	穗纶服装	5天/周	6个月	市场运营实习生	https://www.shixiseng.com/intern/inn_z2caedj73kln?pcm=pc_SearchList	80-150/天
324	湖州	我武生物	5天/周	3个月	药品生产管培生（浙江）	https://www.shixiseng.com/intern/inn_qc7qoy89s6dd?pcm=pc_SearchList	100-200/天
325	上海	又为智能	5天/周	3个月	医疗器械注册实习生	https://www.shixiseng.com/intern/inn_y17v2hlcohie?pcm=pc_SearchList	120-180/天
326	北京	 职源者	5天/周	2个月	北京客服实习	https://www.shixiseng.com/intern/inn_c7a9w3hgsio3?pcm=pc_SearchList	150-180/天
327	三亚	我武生物	3天/周	12个月	医药销售代表\医学信息沟通专员（海南--三亚）	https://www.shixiseng.com/intern/inn_jzx3khujnusd?pcm=pc_SearchList	120-200/天
328	全国	圣才电子书	5天/周	3个月	医学影像学编辑实习生	https://www.shixiseng.com/intern/inn_2u4a85x6ex7n?pcm=pc_SearchList	150-200/天
329	北京	伟达公关	6天/周	3个月	人事行政助理	https://www.shixiseng.com/intern/inn_kxgc7re90ndi?pcm=pc_SearchList	80-80/天
330	北京	自如网	5天/周	9个月	自如管家实习生	https://www.shixiseng.com/intern/inn_aj2bvx624tbk?pcm=pc_SearchList	200-250/天
331	荆门	我武生物	5天/周	12个月	医药销售代表\医学信息沟通专员（湖北—京山）	https://www.shixiseng.com/intern/inn_oaeo7v7gwrsf?pcm=pc_SearchList	120-200/天
332	广州	时趣互动	4天/周	3个月	项目助理实习生	https://www.shixiseng.com/intern/inn_um6orpdt4ylt?pcm=pc_SearchList	100-120/天
333	南京	安百拓	4天/周	5个月	市场部实习生	https://www.shixiseng.com/intern/inn_7glmyc4lqwaz?pcm=pc_SearchList	100-120/天
334	上海	携程旅行网	5天/周	3个月	公关实习生	https://www.shixiseng.com/intern/inn_kprbms7vdj2r?pcm=pc_SearchList	150-200/天
335	北京	网易	5天/周	3个月	Android开发实习生	https://www.shixiseng.com/intern/inn_v3nixoneehus?pcm=pc_SearchList	100-120/天
336	天津	中企动力	5天/周	4个月	储备干部（市场方向）	https://www.shixiseng.com/intern/inn_ahbirfs9af2q?pcm=pc_SearchList	150-250/天
337	广州	savills	5天/周	9个月	市场助理	https://www.shixiseng.com/intern/inn_wrzbsktqpivi?pcm=pc_SearchList	100-100/天
338	深圳	SenseTime商汤科技	5天/周	5个月	后端开发实习生_深圳	https://www.shixiseng.com/intern/inn_e18s9g3cjnm2?pcm=pc_SearchList	250-300/天
339	广州	中海达	150-500人	3个月	人力资源实习生	https://www.shixiseng.com/intern/inn_rbwxc3jwlqmh?pcm=pc_SearchList	100-120/天
340	北京	费曼咨询	5天/周	5天/周	猎头实习生	https://www.shixiseng.com/intern/inn_bswx2cxwcjvv?pcm=pc_SearchList	150-250/天
341	苏州	 中德联信 	5天/周	1个月	客服专员	https://www.shixiseng.com/intern/inn_dixzvhqlxetx?pcm=pc_SearchList	200-400/天
342	上海	用友能源	5天/周	4个月	实施顾问实习生	https://www.shixiseng.com/intern/inn_ywaccgmsnirm?pcm=pc_SearchList	100-120/天
343	儋州	我武生物	4天/周	12个月	医药销售代表（儋州）	https://www.shixiseng.com/intern/inn_qomd9ugaied5?pcm=pc_SearchList	100-150/天
344	上海	东吴金科	3个月	5天/周	金融工程实习生	https://www.shixiseng.com/intern/inn_seknmdkmqfp6?pcm=pc_SearchList	150-150/天
345	长沙	芒果TV	3个月	4天/周	Ip文创项目助理	https://www.shixiseng.com/intern/inn_lsnptwwemo2s?pcm=pc_SearchList	面议
346	上海	叽里呱啦 	12个月	5天/周	大数据研发实习生	https://www.shixiseng.com/intern/inn_ls3nbzz08wop?pcm=pc_SearchList	300-400/天
347	无锡	我武生物	10个月	5天/周	医药销售代表/医药信息沟通专员	https://www.shixiseng.com/intern/inn_oqwgeeyerwa5?pcm=pc_SearchList	100-120/天
348	东营	我武生物	12个月	5天/周	医药销售代表/医学信息沟通专员（山东-东营）	https://www.shixiseng.com/intern/inn_zvao8nj8yiq1?pcm=pc_SearchList	120-200/天
349	北京	币信	12个月	5天/周	社群运营实习生	https://www.shixiseng.com/intern/inn_iwnutakaphkr?pcm=pc_SearchList	150-300/天
350	深圳	欣天雅	1个月	2天/周	运营实习生/运营助理/SEO实习生	https://www.shixiseng.com/intern/inn_i9ztwy2iqo8s?pcm=pc_SearchList	150-250/天
351	上海	金凝实业	10个月	5天/周	前台接待/统计实习生	https://www.shixiseng.com/intern/inn_q4dlxif4jnf1?pcm=pc_SearchList	200-400/天
352	广州	GTIC	2个月	5天/周	桌面运维实习生（网管员）	https://www.shixiseng.com/intern/inn_xynyircdadd1?pcm=pc_SearchList	80-100/天
353	上海	文汇	12个月	5天/周	内控稽核实习生	https://www.shixiseng.com/intern/inn_qi3lq7vwvfmm?pcm=pc_SearchList	80-80/天
354	南通	我武生物	3个月	6天/周	医药销售代表（南通—启东）	https://www.shixiseng.com/intern/inn_6kptpgdm951i?pcm=pc_SearchList	100-150/天
355	惠州	碧桂园	2个月	5天/周	工程实习生（土建/水电）	https://www.shixiseng.com/intern/inn_k1ndpgjyz5hu?pcm=pc_SearchList	150-200/天
356	武汉	学而思网校	3个月	5天/周	优选课暑期实习生	https://www.shixiseng.com/intern/inn_ijho1ollybtd?pcm=pc_SearchList	150-180/天
357	北京	自达康	10个月	6天/周	视频编辑实习生	https://www.shixiseng.com/intern/inn_l4s8oauznzow?pcm=pc_SearchList	120-150/天
358	深圳	顺电	3个月	5天/周	营销管理储备（顺电味旗舰店）	https://www.shixiseng.com/intern/inn_8susmfiuir3i?pcm=pc_SearchList	100-200/天
359	武汉	ezbuy	2000人以上	50-150人	英语客服实习生	https://www.shixiseng.com/intern/inn_evuo3lkp54kx?pcm=pc_SearchList	180-300/天
360	上海	蜜茨甜梨	12个月	5天/周	客服专员	https://www.shixiseng.com/intern/inn_xtqi1qaap5pd?pcm=pc_SearchList	120-150/天
361	广州	广德昌科技	12个月	5天/周	验收员（医学检验专员）	https://www.shixiseng.com/intern/inn_op1oujbqur4y?pcm=pc_SearchList	100-150/天
362	崇左	我武生物	12个月	5天/周	医药销售代表\医学信息沟通专员（广西-崇左）	https://www.shixiseng.com/intern/inn_iy1pi1idhr1v?pcm=pc_SearchList	120-200/天
363	崇左	我武生物	12个月	5天/周	医药销售代表\医学信息沟通专员（广西-崇左）	https://www.shixiseng.com/intern/inn_xogqh6jop7dq?pcm=pc_SearchList	120-200/天
364	广州	时趣互动	4个月	5天/周	设计实习生	https://www.shixiseng.com/intern/inn_je2wpgjmtwh8?pcm=pc_SearchList	100-120/天
365	上海	shopee	6个月	5天/周	采购实习生	https://www.shixiseng.com/intern/inn_1nl4k8ld2wo3?pcm=pc_SearchList	150-150/天
366	上海	领鸟云	3个月	5天/周	运营实习生	https://www.shixiseng.com/intern/inn_hfizssf2qhu1?pcm=pc_SearchList	100-200/天
367	郑州	高途课堂	2个月	6天/周	高中生物暑期实习	https://www.shixiseng.com/intern/inn_ackgwxy98u6y?pcm=pc_SearchList	80-80/天
368	杭州	海康威视	4个月	5天/周	数字营销专员	https://www.shixiseng.com/intern/inn_nfvdgvwd1ubx?pcm=pc_SearchList	100-120/天
369	北京	网易	3个月	5天/周	大数据开发实习生	https://www.shixiseng.com/intern/inn_aqfqgwugbppz?pcm=pc_SearchList	100-150/天
370	深圳	智联慧通	3个月	5天/周	java软件初级工程师	https://www.shixiseng.com/intern/inn_8gf2cgov2vfl?pcm=pc_SearchList	200-400/天
371	杭州	每刻科技	6个月	5天/周	UI设计实习生	https://www.shixiseng.com/intern/inn_532fvt9yayod?pcm=pc_SearchList	120-180/天
372	上海	中青博联 	1个月	5天/周	会展活动执行	https://www.shixiseng.com/intern/inn_pml0ellvbakl?pcm=pc_SearchList	120-150/天
373	北京	昭衍生物	6个月	5天/周	质量控制部原辅料实习生	https://www.shixiseng.com/intern/inn_ford1zhywlrf?pcm=pc_SearchList	80-120/天
374	北京	链家	3个月	6天/周	置业经纪人	https://www.shixiseng.com/intern/inn_kptlbpbi2ekt?pcm=pc_SearchList	300-500/天
375	上海	DB Schenker	6个月	4天/周	（2021年毕业）业务结算实习生（国内运输部）- 上海	https://www.shixiseng.com/intern/inn_k6ijqr5whx1l?pcm=pc_SearchList	100-120/天
376	北京	方引网校	6个月	5天/周	招生老师	https://www.shixiseng.com/intern/inn_mf4whgbluc6e?pcm=pc_SearchList	150-300/天
377	广州	环智	3个月	5天/周	策划实习生	https://www.shixiseng.com/intern/inn_lxq4iumqxsm0?pcm=pc_SearchList	50-80/天
378	宁波	萌牙科技	5天/周	5天/周	新媒体文案策划（B站方向）	https://www.shixiseng.com/intern/inn_twrlhul3upia?pcm=pc_SearchList	400-500/天
379	西安	募格网络科技	2000人以上	3个月	行政/人事/文员实习生	https://www.shixiseng.com/intern/inn_4k6cdidwpvpf?pcm=pc_SearchList	80-100/天
380	上海	我武生物	6个月	5天/周	短视频编导实习生	https://www.shixiseng.com/intern/inn_k6zwd0utarok?pcm=pc_SearchList	100-150/天
381	北京	用友能源	5个月	5天/周	开发实习生	https://www.shixiseng.com/intern/inn_wkyvenxfa1zl?pcm=pc_SearchList	100-100/天
382	苏州	 中德联信 	2个月	5天/周	办公室续保客服	https://www.shixiseng.com/intern/inn_ke44ggwqfalg?pcm=pc_SearchList	200-400/天
383	鄂尔多斯	匠昕装饰设计 	3个月	6天/周	预算员（室内装饰）	https://www.shixiseng.com/intern/inn_hpzq5b7n7ual?pcm=pc_SearchList	150-200/天
384	广州	麦壳	3个月	5天/周	淘宝客服	https://www.shixiseng.com/intern/inn_y0emrz30nfjs?pcm=pc_SearchList	80-150/天
385	北京	币信	12个月	5天/周	商务专员	https://www.shixiseng.com/intern/inn_ob8mz2s4zskn?pcm=pc_SearchList	150-300/天
386	孝感	我武生物	12个月	5天/周	医药销售代表\医学信息沟通专员（湖北-孝感）	https://www.shixiseng.com/intern/inn_ivrnwf8wyoo2?pcm=pc_SearchList	120-200/天
387	上海	龙旗	1个月	7天/周	Camera调试工程师实习生（20届）J12448	https://www.shixiseng.com/intern/inn_bn4uoo0kdy4j?pcm=pc_SearchList	436-551/天
388	海口	光耀嘉瑞	4个月	5天/周	业务助理	https://www.shixiseng.com/intern/inn_1tgexjxbsuu2?pcm=pc_SearchList	100-150/天
389	上海	第四范式	3个月	4天/周	数据平台开发实习生	https://www.shixiseng.com/intern/inn_wgkonlcvgltn?pcm=pc_SearchList	400-500/天
390	深圳	智联慧通	3个月	5天/周	软件测试（初级）	https://www.shixiseng.com/intern/inn_v2brsbbgvrhg?pcm=pc_SearchList	200-400/天
391	北京	中子星金融	3个月	5天/周	运营实习生	https://www.shixiseng.com/intern/inn_gj2qe2nfn0uk?pcm=pc_SearchList	100-200/天
392	北京	链家	13个月	6天/周	定慧寺商圈销售专员	https://www.shixiseng.com/intern/inn_zck37fqgkvna?pcm=pc_SearchList	250-300/天
393	成都	优联人力	3个月	5天/周	评论审核实习生	https://www.shixiseng.com/intern/inn_ejbkostc0m5w?pcm=pc_SearchList	120-200/天
394	绍兴	我武生物	3个月	5天/周	医药销售代表	https://www.shixiseng.com/intern/inn_hfbdvjwo1wmy?pcm=pc_SearchList	150-300/天
395	广州	祺曜互娱	3个月	5天/周	执行文案策划实习生	https://www.shixiseng.com/intern/inn_k6pazekyogzr?pcm=pc_SearchList	120-150/天
396	上海	DB Schenker	6个月	4天/周	（2021届毕业）Sales Assistant - 实习生（上海）	https://www.shixiseng.com/intern/inn_aliptfl2gknm?pcm=pc_SearchList	100-120/天
397	北京	链家	12个月	6天/周	航天桥二手房经纪人	https://www.shixiseng.com/intern/inn_pdntfca7z9rc?pcm=pc_SearchList	200-250/天
398	广州	卓翼教育	3个月	6天/周	招生老师（实习）	https://www.shixiseng.com/intern/inn_rvxhb4wzjbwd?pcm=pc_SearchList	100-120/天
399	北京	陌陌科技	3个月	5天/周	图形算法实习生	https://www.shixiseng.com/intern/inn_2tsqqoolrffd?pcm=pc_SearchList	300-300/天
400	韶关	我武生物	10个月	5天/周	医药销售代表/医学信息沟通专员（广东-韶关）	https://www.shixiseng.com/intern/inn_cvpdaabar4rb?pcm=pc_SearchList	120-200/天
401	北京	让渡居	3个月	1天/周	业务支持专员	https://www.shixiseng.com/intern/inn_be6vmyeb0vge?pcm=pc_SearchList	0-50/天
402	上海	海隆软件	3个月	5天/周	3D设计实习生	https://www.shixiseng.com/intern/inn_gy7cwsdltpef?pcm=pc_SearchList	150-200/天
403	宁波	我武生物	12个月	5天/周	医药销售代表（奉化）	https://www.shixiseng.com/intern/inn_vplibz1v381v?pcm=pc_SearchList	100-150/天
404	上海	链家	4天/周	7天/周	销售顾问	https://www.shixiseng.com/intern/inn_ow9nbvrzppkv?pcm=pc_SearchList	300-300/天
405	湖州	我武生物	5天/周	3个月	HRBP（上海/浙江）	https://www.shixiseng.com/intern/inn_lopqjckbkr03?pcm=pc_SearchList	100-200/天
406	上海	我武生物	5天/周	3个月	生物制药研发实习生（上海）	https://www.shixiseng.com/intern/inn_vqurxiia01ph?pcm=pc_SearchList	100-200/天
407	北京	方引网校	5天/周	11个月	储备主管	https://www.shixiseng.com/intern/inn_wk3krrlbodee?pcm=pc_SearchList	120-200/天
408	武汉	考满分	5天/周	4个月	辅导老师实习生	https://www.shixiseng.com/intern/inn_f4fz7c7cvugk?pcm=pc_SearchList	100-100/天
409	湘潭	我武生物	5天/周	12个月	医药销售代表—湘潭	https://www.shixiseng.com/intern/inn_qxafgjpvfrc6?pcm=pc_SearchList	100-150/天
410	西安	普仕英才	6天/周	3个月	咨询助理	https://www.shixiseng.com/intern/inn_awsyw40730ql?pcm=pc_SearchList	100-120/天
411	北京	北京链家	5天/周	3个月	房地产职业经理实习生	https://www.shixiseng.com/intern/inn_lyeh0nxkoblz?pcm=pc_SearchList	200-400/天
412	上海	龙旗	5天/周	1个月	散热实习生（20届）J12452	https://www.shixiseng.com/intern/inn_lo6gn2ru6m1l?pcm=pc_SearchList	436-551/天
413	西安	募格网络科技	5天/周	3个月	英语翻译实习生	https://www.shixiseng.com/intern/inn_7doleg3mj16q?pcm=pc_SearchList	80-100/天
414	广州	中国人寿	5天/周	3个月	管培生	https://www.shixiseng.com/intern/inn_5bvayah7miit?pcm=pc_SearchList	100-200/天
415	北京	SenseTime商汤科技	5天/周	3个月	容器云平台实习生	https://www.shixiseng.com/intern/inn_seprutwzm0ib?pcm=pc_SearchList	250-300/天
416	北京	网易	5天/周	3个月	算法实习生（大数据方向）	https://www.shixiseng.com/intern/inn_ryt3xsskctdk?pcm=pc_SearchList	150-200/天
417	上海	海隆软件	4天/周	4个月	游戏策划实习生	https://www.shixiseng.com/intern/inn_wdreavgmnkre?pcm=pc_SearchList	150-200/天
418	上海	传音控股	4天/周	3个月	测试实习生	https://www.shixiseng.com/intern/inn_kcrs6fzusosv?pcm=pc_SearchList	200-250/天
419	深圳	博时资本	15-50人	3个月	法律合规实习生	https://www.shixiseng.com/intern/inn_dwusngwphoj2?pcm=pc_SearchList	50-50/天
420	北京	合景泰富	40个月	6天/周	营销管培生	https://www.shixiseng.com/intern/inn_pe2ry172j0h7?pcm=pc_SearchList	150-200/天
421	杭州	苏泊尔集团	3个月	5天/周	行政专员	https://www.shixiseng.com/intern/inn_oxjclhpgmxtx?pcm=pc_SearchList	50-100/天
422	温州	昇聚科技	3个月	6天/周	储备干部	https://www.shixiseng.com/intern/inn_6ae6zesqfg0e?pcm=pc_SearchList	80-120/天
423	北京	和聚产业控股	12个月	5天/周	高管助理	https://www.shixiseng.com/intern/inn_lwa6euipgpvo?pcm=pc_SearchList	100-100/天
424	北京	北京链家	6个月	6天/周	社区租赁客户代表实习生	https://www.shixiseng.com/intern/inn_g8fr437fnias?pcm=pc_SearchList	300-400/天
425	北京	375wan科技	3个月	5天/周	游戏实习动画特效师	https://www.shixiseng.com/intern/inn_qklqtq9sqh9s?pcm=pc_SearchList	120-180/天
426	北京	唱吧	6个月	4天/周	版权实习生	https://www.shixiseng.com/intern/inn_qw1x3qatzcgk?pcm=pc_SearchList	100-150/天
427	北京	北京链家 	3个月	6天/周	管培生/储备店长	https://www.shixiseng.com/intern/inn_vh1z3wledsed?pcm=pc_SearchList	500-1000/天
428	上海	文汇	2个月	5天/周	研发培训助理	https://www.shixiseng.com/intern/inn_obvzoodl5zdp?pcm=pc_SearchList	80-80/天
429	北京	鹏博士大数据	6个月	4天/周	算法工程师	https://www.shixiseng.com/intern/inn_rkpxyjshv5yl?pcm=pc_SearchList	200-300/天
430	北京	优点互动	6个月	4天/周	秘书处实习生	https://www.shixiseng.com/intern/inn_ieobumk44mjw?pcm=pc_SearchList	150-150/天
431	镇江	我武生物	12个月	5天/周	医药销售代表\医学信息沟通专员（江苏-镇江）	https://www.shixiseng.com/intern/inn_i7wcdrotny7z?pcm=pc_SearchList	100-200/天
432	北京	丰田金融	6个月	4天/周	风险管理部-零售信用风险实习生	https://www.shixiseng.com/intern/inn_zndsou5mkdld?pcm=pc_SearchList	100-150/天
433	杭州	猎聘网	7个月	5天/周	RPO实习生	https://www.shixiseng.com/intern/inn_e8qe0qugtugb?pcm=pc_SearchList	100-150/天
434	北京	链家	12个月	6天/周	置换见习置业顾问	https://www.shixiseng.com/intern/inn_qrfujuxiwbb9?pcm=pc_SearchList	250-300/天
435	深圳	智联慧通	3个月	5天/周	运维助理	https://www.shixiseng.com/intern/inn_20us6fo29u8c?pcm=pc_SearchList	200-400/天
436	上海	DB Schenker	6个月	3天/周	铁路操作 - 实习生（上海）	https://www.shixiseng.com/intern/inn_od9e1gglw0xp?pcm=pc_SearchList	120-120/天
437	北京	北京链家 	3个月	5天/周	互联网社区专家	https://www.shixiseng.com/intern/inn_qjt1kfthlfrg?pcm=pc_SearchList	300-500/天
438	上海	CinClearn	3个月	5天/周	人事实习生	https://www.shixiseng.com/intern/inn_nmy4lbisbqsz?pcm=pc_SearchList	100-120/天
439	成都	疯狂世界	5个月	5天/周	商务助理（报告/协调/应届）	https://www.shixiseng.com/intern/inn_i3s2cb0iazc1?pcm=pc_SearchList	150-300/天
440	北京	费曼咨询	5天/周	5天/周	培训生（猎头咨询）	https://www.shixiseng.com/intern/inn_jguw1mcuhifs?pcm=pc_SearchList	100-150/天
441	北京	网易	5天/周	3个月	ios开发实习生	https://www.shixiseng.com/intern/inn_qmurqbkbvdhj?pcm=pc_SearchList	150-200/天
442	北京	费曼咨询	3个月	5天/周	猎头实习生	https://www.shixiseng.com/intern/inn_9kkksavtwhic?pcm=pc_SearchList	150-250/天
443	北京	网易	5天/周	5天/周	算法实习生	https://www.shixiseng.com/intern/inn_rb4usu2iqgsp?pcm=pc_SearchList	100-150/天
444	宁波	萌牙科技	3天/周	3个月	新媒体内容创作实习生	https://www.shixiseng.com/intern/inn_elaujnhbxia7?pcm=pc_SearchList	400-500/天
445	上海	传音控股	3天/周	6个月	运营实习生	https://www.shixiseng.com/intern/inn_vm9ulymgxqjq?pcm=pc_SearchList	200-250/天
446	上海	猎聘网	6天/周	12个月	人资实习生	https://www.shixiseng.com/intern/inn_ys32mtx6cqap?pcm=pc_SearchList	100-100/天
447	北京	野村综研（北京）	5天/周	12个月	总务实习生	https://www.shixiseng.com/intern/inn_bkfl2ir6xz7i?pcm=pc_SearchList	100-150/天
448	北京	链家	2天/周	3个月	北京链家门店销售	https://www.shixiseng.com/intern/inn_bpumfuexloxt?pcm=pc_SearchList	300-400/天
449	上海	叽里呱啦 	4天/周	6个月	大数据前端开发实习生	https://www.shixiseng.com/intern/inn_mhkxjooijzqa?pcm=pc_SearchList	300-400/天
450	武汉	伟度国际教育	6天/周	6个月	在线学术科研导师	https://www.shixiseng.com/intern/inn_e2rxbfxdf81a?pcm=pc_SearchList	200-300/天
451	上海	DB Schenker	5天/周	12个月	(2021年毕业) HR 实习生（上海）	https://www.shixiseng.com/intern/inn_4gjjplletznz?pcm=pc_SearchList	100-120/天
452	重庆	金夫人	5天/周	12个月	培训助理/实习生	https://www.shixiseng.com/intern/inn_55onkqdc5byv?pcm=pc_SearchList	100-120/天
453	荆门	我武生物	3天/周	6个月	医药销售代表\医学信息沟通专员（湖北-荆门）	https://www.shixiseng.com/intern/inn_vnudn2fp0a7a?pcm=pc_SearchList	120-200/天
454	上海	擎创信息	5天/周	3个月	机器学习算法实习生	https://www.shixiseng.com/intern/inn_mi5mnvilix0y?pcm=pc_SearchList	200-250/天
455	北京	Sumday	5天/周	3个月	品牌市场实习生	https://www.shixiseng.com/intern/inn_cbvz48ineflk?pcm=pc_SearchList	100-150/天
456	南宁	我武生物	5天/周	12个月	学术推广（广西）	https://www.shixiseng.com/intern/inn_8r5gpfxzhpw0?pcm=pc_SearchList	100-200/天
457	钦州	我武生物	5天/周	12个月	医药销售代表\医学信息沟通专员（广西——钦州）	https://www.shixiseng.com/intern/inn_fthzphgjcpvp?pcm=pc_SearchList	100-200/天
458	萍乡	我武生物	500-2000人	3个月	医药销售代表\医学信息沟通专员（江西——萍乡）	https://www.shixiseng.com/intern/inn_2zajujxgoogv?pcm=pc_SearchList	100-200/天
459	北京	陌陌科技	50-150人	50-150人	图像算法实习生	https://www.shixiseng.com/intern/inn_okp4njsgxvry?pcm=pc_SearchList	300-300/天
460	广州	网易游戏	3个月	5天/周	视觉包装设计实习生—UE4视觉方向	https://www.shixiseng.com/intern/inn_wpblmcwu8vpa?pcm=pc_SearchList	120-150/天
461	上海	文汇	2个月	5天/周	市场实习生	https://www.shixiseng.com/intern/inn_qedl0us0lhnf?pcm=pc_SearchList	80-80/天
462	武汉	秋叶PPT	6个月	5天/周	行政助理	https://www.shixiseng.com/intern/inn_y7xxfz6246jv?pcm=pc_SearchList	80-150/天
463	深圳	智联慧通	3个月	5天/周	初级美工/平面设计	https://www.shixiseng.com/intern/inn_rbyhaweaty0g?pcm=pc_SearchList	200-400/天
464	湖州	秦丝科技	3个月	5天/周	ERP互联网销售工程师	https://www.shixiseng.com/intern/inn_9m6o28qbhb1y?pcm=pc_SearchList	125-250/天
465	广州	铁未来	3个月	3天/周	国际竞赛培训助教（实习）	https://www.shixiseng.com/intern/inn_qlrns8wbmjjh?pcm=pc_SearchList	150-180/天
466	上海	上海明轩	3个月	5天/周	猎头顾问	https://www.shixiseng.com/intern/inn_bw5hcia57isp?pcm=pc_SearchList	100-150/天
467	成都	海特高新	3个月	5天/周	机械设计实习生	https://www.shixiseng.com/intern/inn_ztrvcvou3bt0?pcm=pc_SearchList	50-80/天
468	南京	心田花开	3天/周	5天/周	中小学语文教师	https://www.shixiseng.com/intern/inn_ea7q5tf2egtd?pcm=pc_SearchList	300-500/天
469	北京	万酋科技	5天/周	12个月	测控软件开发实习生	https://www.shixiseng.com/intern/inn_wyesnwydnbdm?pcm=pc_SearchList	80-150/天
470	镇江	我武生物	5天/周	12个月	医药销售代表/医药信息沟通专员	https://www.shixiseng.com/intern/inn_8xytvhouko9l?pcm=pc_SearchList	100-120/天
471	日照	我武生物	5天/周	12个月	医药销售代表\医学信息沟通专员（山东—日照）	https://www.shixiseng.com/intern/inn_whw8yh7wucxi?pcm=pc_SearchList	150-200/天
472	苏州	博彦科技	1天/周	3个月	标注实习生	https://www.shixiseng.com/intern/inn_fjevy7115zkl?pcm=pc_SearchList	80-120/天
473	全国	圣才教育	5天/周	1个月	资产评估编辑远程实习生	https://www.shixiseng.com/intern/inn_ysy3gbh1p7ni?pcm=pc_SearchList	200-400/天
474	武汉	圣世玄德	5天/周	3个月	文案推广助理	https://www.shixiseng.com/intern/inn_13sa0fysfiag?pcm=pc_SearchList	100-150/天
475	铜陵	我武生物	5天/周	3个月	医药销售代表	https://www.shixiseng.com/intern/inn_ygbdmsczpkto?pcm=pc_SearchList	120-200/天
476	广州	匠昕装饰设计 	5天/周	3个月	项目助理	https://www.shixiseng.com/intern/inn_0p7dik35wojw?pcm=pc_SearchList	150-200/天
477	石家庄	GE中国	5天/周	3个月	GE医疗客户服务卓越技术专家项目	https://www.shixiseng.com/intern/inn_evkvfcuds7k2?pcm=pc_SearchList	120-150/天
478	天津	旭成汇宇科技	5天/周	6个月	暑期实习	https://www.shixiseng.com/intern/inn_pjjxtdlcgtfl?pcm=pc_SearchList	100-150/天
479	深圳	智联慧通	15-50人	3个月	Python初级开发工程师	https://www.shixiseng.com/intern/inn_hgc4cml8348a?pcm=pc_SearchList	200-400/天
480	北京	罗德传播集团	3个月	5天/周	江淮大众组PR实习生	https://www.shixiseng.com/intern/inn_cghiieo8ads5?pcm=pc_SearchList	80-100/天
481	广州	广州速游	3个月	3天/周	人力资源实习生（运营方向）	https://www.shixiseng.com/intern/inn_1pivrisp4a0b?pcm=pc_SearchList	100-150/天
482	武汉	考满分	4个月	5天/周	留学课程助教	https://www.shixiseng.com/intern/inn_mz1ltvjwd6xn?pcm=pc_SearchList	100-100/天
483	泰州	我武生物	12个月	5天/周	医药销售代表/医药信息沟通专员	https://www.shixiseng.com/intern/inn_amgvbpy03uix?pcm=pc_SearchList	100-120/天
484	北京	昭衍生物	3个月	5天/周	质量保证部现场QA实习生	https://www.shixiseng.com/intern/inn_hxmzkfmvoizu?pcm=pc_SearchList	80-120/天
485	天津	龙图游戏	10个月	5天/周	客服专员	https://www.shixiseng.com/intern/inn_w4elebzwuixv?pcm=pc_SearchList	100-120/天
486	广州	画音	3个月	3天/周	产品运营（关键词录入）	https://www.shixiseng.com/intern/inn_yntbgnpaxcrp?pcm=pc_SearchList	100-150/天
487	上海	文汇	2个月	5天/周	经济研究院顾问助理	https://www.shixiseng.com/intern/inn_oyeje6vpm5fd?pcm=pc_SearchList	80-80/天
488	上海	文汇	2个月	5天/周	风险管理实习生	https://www.shixiseng.com/intern/inn_voqbhlzc1vc8?pcm=pc_SearchList	80-80/天
489	上海	DB Schenker	8个月	4天/周	（2021年毕业）空运单证 实习生（上海）	https://www.shixiseng.com/intern/inn_ivkmbmloz93v?pcm=pc_SearchList	100-120/天
490	北京	昭衍生物	6个月	5天/周	中试纯化部实习生	https://www.shixiseng.com/intern/inn_r5chsj9yyp4t?pcm=pc_SearchList	80-120/天
491	益阳	我武生物	12个月	5天/周	医药销售代表\医学信息沟通专员（湖南-益阳）	https://www.shixiseng.com/intern/inn_zpjyus7dvons?pcm=pc_SearchList	120-200/天
492	北京	华夏博雅	6个月	5天/周	产品助理实习生	https://www.shixiseng.com/intern/inn_4d4bz7snwdbi?pcm=pc_SearchList	120-200/天
493	广州	梦映动漫	3个月	5天/周	iOS开发实习生	https://www.shixiseng.com/intern/inn_cmjffyah9gnt?pcm=pc_SearchList	100-120/天
494	武汉	丰立装饰	8个月	6天/周	室内设计师	https://www.shixiseng.com/intern/inn_bruxp7etvvt8?pcm=pc_SearchList	400-500/天
495	深圳	智联慧通	3个月	5天/周	新媒体运营专员	https://www.shixiseng.com/intern/inn_i8fgpu5dlanm?pcm=pc_SearchList	200-400/天
496	海口	聚能创新院	2个月	5天/周	人力资源实习生	https://www.shixiseng.com/intern/inn_dafjw1dsh5qu?pcm=pc_SearchList	80-100/天
497	宜昌	我武生物	12个月	5天/周	医药销售代表\医学信息沟通专员（湖北—宜都）	https://www.shixiseng.com/intern/inn_0qk4pqcmw2ff?pcm=pc_SearchList	120-200/天
498	广州	龙沙集团	13个月	5天/周	客户服务专员/助理	https://www.shixiseng.com/intern/inn_jls4usmk9mjx?pcm=pc_SearchList	150-200/天
499	广州	梦映动漫	3个月	4天/周	测试实习生	https://www.shixiseng.com/intern/inn_z2vnyr8hauh3?pcm=pc_SearchList	100-120/天
500	张家界	我武生物	12个月	5天/周	医药销售代表/医学信息沟通专员湖南-张家界）	https://www.shixiseng.com/intern/inn_j1gdsggmizss?pcm=pc_SearchList	150-200/天
501	郑州	高途课堂	2个月	6天/周	高中训练营实习生	https://www.shixiseng.com/intern/inn_fussjvdcfewk?pcm=pc_SearchList	80-80/天
502	北京	万达传媒	6个月	4天/周	人力资源实习生（员工关系&薪酬方向）	https://www.shixiseng.com/intern/inn_niszcet0ijq8?pcm=pc_SearchList	100-100/天
503	北京	北京链家	11个月	5天/周	电话咨询专员	https://www.shixiseng.com/intern/inn_qbnzdwerfzwt?pcm=pc_SearchList	150-200/天
504	上海	朗盛化学	3个月	3天/周	HR实习生	https://www.shixiseng.com/intern/inn_nh7787t9cvzo?pcm=pc_SearchList	120-150/天
505	宁波	萌牙科技	5天/周	5天/周	新媒体科普内容运营	https://www.shixiseng.com/intern/inn_me8zd8facmgj?pcm=pc_SearchList	300-500/天
506	福州	中海达	6天/周	3个月	销售工程师（福建）	https://www.shixiseng.com/intern/inn_fwmlbp5kuqrb?pcm=pc_SearchList	150-200/天
507	武汉	丰立装饰	6天/周	9个月	销售专员	https://www.shixiseng.com/intern/inn_qb5si0fwzbz0?pcm=pc_SearchList	250-300/天
508	深圳	乐有家	6天/周	8个月	电话销售 	https://www.shixiseng.com/intern/inn_ddj4hypovwfw?pcm=pc_SearchList	200-300/天
509	合肥	京翰教育	6天/周	3个月	课程顾问	https://www.shixiseng.com/intern/inn_qjjpanxlwjb9?pcm=pc_SearchList	100-200/天
510	北京	链家	5天/周	12个月	置业顾问/管理培训生	https://www.shixiseng.com/intern/inn_m9ttk32j9yir?pcm=pc_SearchList	40-50/天
511	全国	代创广告	5天/周	9个月	板绘手绘插画设计师（实习）	https://www.shixiseng.com/intern/inn_j7r9ve67ixqk?pcm=pc_SearchList	50-100/天
512	潜江	我武生物	5天/周	12个月	医药销售代表\医学信息沟通专员（湖北-潜江）	https://www.shixiseng.com/intern/inn_uw9al5txbz2z?pcm=pc_SearchList	120-200/天
513	武汉	 宙源科技 	5天/周	6个月	Java后端开发实习生	https://www.shixiseng.com/intern/inn_yfjbq8ien4ub?pcm=pc_SearchList	100-200/天
514	三明	我武生物	5天/周	12个月	医药销售代表\医学信息沟通专员（福建——三明）	https://www.shixiseng.com/intern/inn_hhz6fswtjrdd?pcm=pc_SearchList	100-200/天
515	上海	中云数据	3天/周	3个月	前端工程师实习	https://www.shixiseng.com/intern/inn_tuh1lfomduym?pcm=pc_SearchList	100-150/天
516	广州	启量科技	5天/周	3个月	销售实习生	https://www.shixiseng.com/intern/inn_rtj2mu9pyded?pcm=pc_SearchList	250-500/天
517	武汉	深圳长美	5天/周	3个月	客服助理	https://www.shixiseng.com/intern/inn_s70emgrfzfge?pcm=pc_SearchList	50-100/天
518	北京	昭衍生物	50-150人	6个月	质量保证部文控/检测QA实习生	https://www.shixiseng.com/intern/inn_etxkvawvnwjb?pcm=pc_SearchList	80-120/天
519	南京	美联英语	12个月	3天/周	市场推广（实习）	https://www.shixiseng.com/intern/inn_g2agayy4wtyn?pcm=pc_SearchList	80-120/天
520	黄石	我武生物	12个月	5天/周	医药销售代表\医学信息沟通专员（湖北-黄石）	https://www.shixiseng.com/intern/inn_cpwqi8bqlwts?pcm=pc_SearchList	120-200/天
521	深圳	欣天雅	3个月	5天/周	财务实习生	https://www.shixiseng.com/intern/inn_sgjvhnckzwqx?pcm=pc_SearchList	120-150/天
522	上海	我武生物	3个月	5天/周	核抑制研发人员	https://www.shixiseng.com/intern/inn_hqcw3pwngnob?pcm=pc_SearchList	100-200/天
523	成都	贝壳	6个月	6天/周	校园实习生 	https://www.shixiseng.com/intern/inn_nvjikzm3feja?pcm=pc_SearchList	150-300/天
524	北京	罗德传播集团	3个月	4天/周	Marcom组PR实习生	https://www.shixiseng.com/intern/inn_ryadfrwasa0k?pcm=pc_SearchList	80-100/天
525	上海	ezbuy	3个月	5天/周	客服专员	https://www.shixiseng.com/intern/inn_yiwcoy1xqdch?pcm=pc_SearchList	200-400/天
526	上海	网易	3个月	5天/周	PM实习生（上海）	https://www.shixiseng.com/intern/inn_t3ykw0vvu14t?pcm=pc_SearchList	100-150/天
527	厦门	同步推	3个月	5天/周	海外动漫运营	https://www.shixiseng.com/intern/inn_59pdsumc94lm?pcm=pc_SearchList	120-180/天
528	西安	高力国际	3个月	5天/周	咨询服务部顾问	https://www.shixiseng.com/intern/inn_q3uloblrrloq?pcm=pc_SearchList	100-150/天
529	北京	昭衍生物	3个月	5天/周	中试发酵部实习生	https://www.shixiseng.com/intern/inn_pbadnt3qbxim?pcm=pc_SearchList	80-120/天
530	杭州	中控信息	3个月	5天/周	采购外包助理-实习	https://www.shixiseng.com/intern/inn_9osd8jyp0bdy?pcm=pc_SearchList	100-150/天
531	上海	叨叨记账	4个月	5天/周	内容运营实习生（二次元方向）	https://www.shixiseng.com/intern/inn_nbdi3rqfpff4?pcm=pc_SearchList	120-150/天
532	上海	shopee	6个月	5天/周	品牌店铺运营实习生	https://www.shixiseng.com/intern/inn_jsjvwa152he6?pcm=pc_SearchList	150-150/天
533	深圳	阿蒙工师	6个月	5天/周	节目策划（编导）	https://www.shixiseng.com/intern/inn_tyaxn4m700rp?pcm=pc_SearchList	100-200/天
534	芜湖	我武生物	3个月	5天/周	医药销售代表	https://www.shixiseng.com/intern/inn_n3qlkw9s7vzk?pcm=pc_SearchList	120-200/天
535	北京	竞天公诚律师事务所	3个月	5天/周	证券业务部实习生（北京）	https://www.shixiseng.com/intern/inn_6uwj0xgi3u5u?pcm=pc_SearchList	120-180/天
536	厦门	同步推	3个月	5天/周	短视频编导	https://www.shixiseng.com/intern/inn_tkqx4vomm4or?pcm=pc_SearchList	100-150/天
537	上海	ezbuy	3个月	5天/周	运营实习生	https://www.shixiseng.com/intern/inn_c0wuwueq36gb?pcm=pc_SearchList	120-150/天
538	广州	鸣奇科技	11个月	5天/周	商务拓展实习生	https://www.shixiseng.com/intern/inn_fklskg1qrpqv?pcm=pc_SearchList	100-150/天
539	湘西	我武生物	12个月	5天/周	医药销售代表/医学信息沟通专员（湖南-吉首）	https://www.shixiseng.com/intern/inn_hviogyhicvxe?pcm=pc_SearchList	150-200/天
540	亳州	我武生物	3个月	5天/周	医药销售代表	https://www.shixiseng.com/intern/inn_bdjdz6lc9klx?pcm=pc_SearchList	120-200/天
541	莆田	我武生物	12个月	5天/周	医药销售代表\医学信息沟通专员（福建——莆田）	https://www.shixiseng.com/intern/inn_cbf7m6kq2vz4?pcm=pc_SearchList	100-200/天
542	深圳	菁视野	3个月	5天/周	实习主持人	https://www.shixiseng.com/intern/inn_monj0gekfpjf?pcm=pc_SearchList	150-180/天
543	北京	北京链家	6个月	6天/周	市场营销岗位	https://www.shixiseng.com/intern/inn_1tkq1ocsvfy1?pcm=pc_SearchList	50-80/天
544	上海	传音控股	3个月	5天/周	Java实习生	https://www.shixiseng.com/intern/inn_j2jvzzp6r5b3?pcm=pc_SearchList	200-250/天
545	上海	miss curiosity	12个月	5天/周	电商运营（流量推广方向）	https://www.shixiseng.com/intern/inn_5y4r68lsyyix?pcm=pc_SearchList	200-300/天
546	天津	中企动力	4个月	5天/周	外贸行业部拓展专员	https://www.shixiseng.com/intern/inn_ifk8zy322vgr?pcm=pc_SearchList	150-250/天
547	北京	好未来（原学而思）	4个月	5天/周	人力资源实习生	https://www.shixiseng.com/intern/inn_2recorm3wzyl?pcm=pc_SearchList	100-150/天
548	北京	和家生活科技	3个月	4天/周	财务实习生	https://www.shixiseng.com/intern/inn_uqualsvw2jfv?pcm=pc_SearchList	150-200/天
549	扬州	我武生物	12个月	5天/周	医药销售代表/医药信息沟通专员	https://www.shixiseng.com/intern/inn_bjib77t9allo?pcm=pc_SearchList	100-120/天
550	石家庄	GE中国	2个月	5天/周	GE医疗客户服务卓越技术专家项目（	https://www.shixiseng.com/intern/inn_whrao0ahtlbv?pcm=pc_SearchList	120-150/天
551	广州	植观	3个月	5天/周	抖音投放实习生	https://www.shixiseng.com/intern/inn_pmtnicwhvom5?pcm=pc_SearchList	100-150/天
552	上海	问卷网	3个月	5天/周	项目助理实习生	https://www.shixiseng.com/intern/inn_52gqrvl4clph?pcm=pc_SearchList	100-120/天
553	福州	GE中国	2个月	5天/周	GE医疗客户服务卓越技术专家项目SSEP	https://www.shixiseng.com/intern/inn_l5uqrsg3eite?pcm=pc_SearchList	120-150/天
554	天津	捷信消费金融	6个月	4天/周	HR Intern	https://www.shixiseng.com/intern/inn_fnfrd57ey0ss?pcm=pc_SearchList	120-150/天
555	宣城	我武生物	12个月	5天/周	医药销售代表（宣城）	https://www.shixiseng.com/intern/inn_n4mtnfwp8rtt?pcm=pc_SearchList	100-150/天
556	广州	雀享科技	3个月	5天/周	美工（跨境电商）	https://www.shixiseng.com/intern/inn_izbcazigs82u?pcm=pc_SearchList	100-150/天
557	北京	国际人才	9个月	4天/周	编译及应用研发工程师	https://www.shixiseng.com/intern/inn_usspneayinop?pcm=pc_SearchList	300-500/天
558	怀化	我武生物	12个月	5天/周	医药销售代表/医学信息沟通专员（湖南-怀化）	https://www.shixiseng.com/intern/inn_vgjpjggotexe?pcm=pc_SearchList	120-200/天
559	济宁	我武生物	12个月	5天/周	医药销售代表（曲阜）	https://www.shixiseng.com/intern/inn_pvo8y5gcetz1?pcm=pc_SearchList	100-150/天
560	宜春	我武生物	12个月	5天/周	医药销售代表\医学信息沟通专员（江西宜春）	https://www.shixiseng.com/intern/inn_hu0xjgidxf56?pcm=pc_SearchList	100-200/天
561	北京	375wan科技	3个月	5天/周	游戏实习开发工程师	https://www.shixiseng.com/intern/inn_q5oqjo7eydrt?pcm=pc_SearchList	150-200/天
562	北京	野村综研(北京)	8个月	3天/周	法务实习生	https://www.shixiseng.com/intern/inn_9a1ehzzsoagb?pcm=pc_SearchList	100-150/天
563	广州	萌小芽	4个月	4天/周	视频剪辑实习生	https://www.shixiseng.com/intern/inn_sk93salimbcu?pcm=pc_SearchList	50-100/天
564	广州	欢聚集团	3个月	5天/周	安全策略实习生	https://www.shixiseng.com/intern/inn_29y3ih0kcge7?pcm=pc_SearchList	100-150/天
565	全国	58到家	1个月	5天/周	网络运营	https://www.shixiseng.com/intern/inn_hnxjxvxa6xnw?pcm=pc_SearchList	面议
566	广州	环智	3个月	5天/周	电商运营实习生	https://www.shixiseng.com/intern/inn_qu6tas3z1jmz?pcm=pc_SearchList	50-80/天
567	北京	方引网校	4个月	5天/周	考研招生老师	https://www.shixiseng.com/intern/inn_zffj0q7bdn8f?pcm=pc_SearchList	150-300/天
568	成都	国控四川	11个月	5天/周	医学实习专员（学术推广）	https://www.shixiseng.com/intern/inn_zq54kbedv8md?pcm=pc_SearchList	120-150/天
569	北京	北京链家 	3个月	5天/周	管培生/储备店长	https://www.shixiseng.com/intern/inn_peisgiixdfqa?pcm=pc_SearchList	300-500/天
570	上海	意略明	3个月	3天/周	IT助理实习生	https://www.shixiseng.com/intern/inn_j08dnslylpzr?pcm=pc_SearchList	150-150/天
571	成都	疯狂世界	3个月	5天/周	BD商务拓展（移动孪生/5G/新经济）	https://www.shixiseng.com/intern/inn_bun3swknr522?pcm=pc_SearchList	300-500/天
572	北京	人和易行	12个月	6天/周	销售实习	https://www.shixiseng.com/intern/inn_slikmkoov0ge?pcm=pc_SearchList	100-150/天
573	北京	链家	3个月	6天/周	储备销售	https://www.shixiseng.com/intern/inn_5vbi3r2aayhs?pcm=pc_SearchList	300-500/天
574	北京	龙图游戏	6个月	5天/周	引擎开发工程师	https://www.shixiseng.com/intern/inn_vshoqq1yzjf2?pcm=pc_SearchList	180-200/天
575	上海	ezbuy	3个月	5天/周	德语客服实习生	https://www.shixiseng.com/intern/inn_wcoa2sfziy1a?pcm=pc_SearchList	150-200/天
576	上海	ASAP+	6个月	4天/周	产品助理实习生	https://www.shixiseng.com/intern/inn_orqlotls9owv?pcm=pc_SearchList	100-120/天
577	北京	和家生活科技	3个月	4天/周	品牌管理实习生	https://www.shixiseng.com/intern/inn_hu3p76wtsj6t?pcm=pc_SearchList	150-200/天
578	唐山	人和易行	12个月	6天/周	开平区实习店长	https://www.shixiseng.com/intern/inn_e8px5prhu09a?pcm=pc_SearchList	120-200/天
579	上海	微思	3个月	5天/周	项目助理（实习）	https://www.shixiseng.com/intern/inn_qqxaaa1dcgwz?pcm=pc_SearchList	120-120/天
580	北京	链家地产	4个月	6天/周	销售管培生	https://www.shixiseng.com/intern/inn_xeictktteu9b?pcm=pc_SearchList	250-300/天
581	常德	我武生物	12个月	5天/周	医药销售代表/医学信息沟通专员（湖南-汉寿）	https://www.shixiseng.com/intern/inn_g1eue2x8kvu2?pcm=pc_SearchList	120-200/天
582	北京	罗德传播集团	3个月	5天/周	Estee Lauder 组PR实习生	https://www.shixiseng.com/intern/inn_gfdccuwk7mj8?pcm=pc_SearchList	80-100/天
583	北京	币信	4个月	5天/周	实习前端开发	https://www.shixiseng.com/intern/inn_q9zgblvkna9i?pcm=pc_SearchList	250-300/天
584	上海	创领	2个月	3天/周	MES系统专员-实习生	https://www.shixiseng.com/intern/inn_kl87knaz3llc?pcm=pc_SearchList	120-180/天
585	上海	先融资管	3个月	5天/周	量化实习生	https://www.shixiseng.com/intern/inn_duajtsilfibg?pcm=pc_SearchList	80-120/天
586	广州	拉卡拉金融	3个月	5天/周	人力资源实习生	https://www.shixiseng.com/intern/inn_ajlhaeonhyxe?pcm=pc_SearchList	100-150/天
587	北京	自达康	9个月	5天/周	多媒体实习生	https://www.shixiseng.com/intern/inn_75f15t5icvao?pcm=pc_SearchList	120-120/天
588	江门	我武生物	12个月	5天/周	医药销售代表\医学信息沟通专员（广东—江门）	https://www.shixiseng.com/intern/inn_akqwwsyaecip?pcm=pc_SearchList	150-200/天
589	上海	 职源者	4个月	5天/周	ps实习	https://www.shixiseng.com/intern/inn_l7opdimm9ydo?pcm=pc_SearchList	150-180/天
590	上海	shopee	6个月	5天/周	商家孵化运营实习生	https://www.shixiseng.com/intern/inn_0rw75gyusnuw?pcm=pc_SearchList	150-150/天
591	上海	龙旗	1个月	7天/周	射频实习生(天线20届)J12451	https://www.shixiseng.com/intern/inn_v5b7lcudmf5w?pcm=pc_SearchList	436-551/天
592	上海	高顿教育	12个月	5天/周	财经班主任	https://www.shixiseng.com/intern/inn_ftcytudmzpqg?pcm=pc_SearchList	120-150/天
593	上海	捷豹路虎中国	3个月	5天/周	Business Office Intern	https://www.shixiseng.com/intern/inn_nuounog0ecvt?pcm=pc_SearchList	120-150/天
594	连云港	我武生物	12个月	5天/周	医药销售代表/医药信息沟通专员	https://www.shixiseng.com/intern/inn_8xhx6wtb446g?pcm=pc_SearchList	100-120/天
595	北京	北醒光子	3个月	3天/周	技术支持实习生	https://www.shixiseng.com/intern/inn_xvqtdbg0akfj?pcm=pc_SearchList	150-200/天
596	成都	人和易行	3个月	6天/周	销售管培生	https://www.shixiseng.com/intern/inn_wtujhntz4qpl?pcm=pc_SearchList	100-150/天
597	上海	龙旗	1个月	5天/周	硬件实习生(layout/功耗/音频20届)J11936	https://www.shixiseng.com/intern/inn_di7xerwlstir?pcm=pc_SearchList	436-551/天
598	广州	麦当劳	6个月	3天/周	项目管理实习生	https://www.shixiseng.com/intern/inn_qpvgmwjbtlas?pcm=pc_SearchList	100-120/天
599	天津	中企动力	4个月	5天/周	电子商务专员	https://www.shixiseng.com/intern/inn_ewhjdeaopuuk?pcm=pc_SearchList	150-250/天
600	南通	我武生物	12个月	5天/周	医药销售代表/医药信息沟通专员	https://www.shixiseng.com/intern/inn_lidflcuviyab?pcm=pc_SearchList	100-120/天
601	深圳	菁视野	5天/周	5天/周	实习编导	https://www.shixiseng.com/intern/inn_seufwnz0cfmm?pcm=pc_SearchList	150-200/天
602	广州	祺曜互娱	5天/周	3个月	游戏UI设计	https://www.shixiseng.com/intern/inn_dedwa4izbzyd?pcm=pc_SearchList	150-200/天
603	上海	Thinkygame	5天/周	6个月	角色原画实习岗	https://www.shixiseng.com/intern/inn_hulm5xarq6sg?pcm=pc_SearchList	150-200/天
604	上海	捷豹路虎中国	5天/周	3个月	Customer Service Intern- Technical general	https://www.shixiseng.com/intern/inn_dmfhoxz5ltu8?pcm=pc_SearchList	120-150/天
605	上海	龙旗	5天/周	6个月	camera调试工程师（20届应届生）	https://www.shixiseng.com/intern/inn_znbktaqmlv6q?pcm=pc_SearchList	400-500/天
606	武汉	深圳长美	5天/周	3个月	产品运营实习生	https://www.shixiseng.com/intern/inn_qs0mrgpyjqhq?pcm=pc_SearchList	50-100/天
607	成都	疯狂世界	4天/周	5个月	项目管理/产品助理	https://www.shixiseng.com/intern/inn_dcb7bwofcpg5?pcm=pc_SearchList	150-300/天
608	广州	高力国际	5天/周	19个月	客服助理	https://www.shixiseng.com/intern/inn_dod9sigzrp1u?pcm=pc_SearchList	100-120/天
609	杭州	九州量子	5天/周	3个月	硬件工程师	https://www.shixiseng.com/intern/inn_g6zs9qobknbf?pcm=pc_SearchList	100-120/天
610	成都	锐致咨询	5天/周	3个月	BD商务助理	https://www.shixiseng.com/intern/inn_jqnr8ipd2qyg?pcm=pc_SearchList	80-100/天
611	北京	链家	5天/周	3个月	销售顾问	https://www.shixiseng.com/intern/inn_4t1htgyaywox?pcm=pc_SearchList	180-300/天
612	德州	我武生物	2000人以上	12个月	医药销售代表\医学信息沟通专员（山东—德州）	https://www.shixiseng.com/intern/inn_0rooemejyzau?pcm=pc_SearchList	120-200/天
613	北京	4399游戏	3个月	4天/周	U3d开发工程师	https://www.shixiseng.com/intern/inn_aperycmuvzxv?pcm=pc_SearchList	200-300/天
614	北京	自如网	4个月	5天/周	自如管家	https://www.shixiseng.com/intern/inn_wtdeagagy5ya?pcm=pc_SearchList	150-200/天
615	北京	多抓鱼	3个月	4天/周	运营实习生（电子标品）	https://www.shixiseng.com/intern/inn_9hdpmrf1hiyg?pcm=pc_SearchList	150-180/天
616	深圳	秦丝科技	3个月	5天/周	管培生	https://www.shixiseng.com/intern/inn_f48w8f7m73rj?pcm=pc_SearchList	150-200/天
617	深圳	安创生态	8个月	5天/周	芯片实习生	https://www.shixiseng.com/intern/inn_9gwarwbtk1qy?pcm=pc_SearchList	100-200/天
618	北京	网易	3个月	5天/周	大数据开发与数据分析实习生	https://www.shixiseng.com/intern/inn_kntffkkte8jp?pcm=pc_SearchList	150-200/天
619	北京	依图	4个月	4天/周	自然语言处理算法实习生	https://www.shixiseng.com/intern/inn_d51it1vdukzt?pcm=pc_SearchList	300-400/天
620	镇江	我武生物	12个月	5天/周	医药销售代表/医药信息沟通专员	https://www.shixiseng.com/intern/inn_luwwyq7ohbwr?pcm=pc_SearchList	100-120/天
621	广州	网易	3个月	5天/周	营销PM实习生（广州）	https://www.shixiseng.com/intern/inn_tuqyx5e9ouod?pcm=pc_SearchList	100-150/天
622	上海	大雁资产	3个月	3天/周	开发工程师（实习生）	https://www.shixiseng.com/intern/inn_ouatruknxobz?pcm=pc_SearchList	250-500/天
623	长沙	湘润教育	3个月	3天/周	实习HR	https://www.shixiseng.com/intern/inn_nad0vyflc20i?pcm=pc_SearchList	100-200/天
624	上海	ezbuy	3个月	5天/周	小语种客服（校招）	https://www.shixiseng.com/intern/inn_serek2e0mzsf?pcm=pc_SearchList	150-180/天
625	全国	树晨林	3个月	5天/周	高中数学网课教师	https://www.shixiseng.com/intern/inn_dxgfkj2b848z?pcm=pc_SearchList	500-1000/天
626	深圳	欣天雅	4个月	5天/周	跨境电商运营助理	https://www.shixiseng.com/intern/inn_0su1ccwxvvi9?pcm=pc_SearchList	150-200/天
627	北京	快手	4个月	5天/周	游戏视频设计实习生	https://www.shixiseng.com/intern/inn_at15nfzjwaau?pcm=pc_SearchList	150-200/天
628	上海	高顿教育	12个月	5天/周	英语客服专员	https://www.shixiseng.com/intern/inn_hdrrbwqri2ll?pcm=pc_SearchList	120-150/天
629	深圳	加贝兰贸易	3个月	5天/周	跨境电商产品开发专员	https://www.shixiseng.com/intern/inn_0vfz9wmd43kv?pcm=pc_SearchList	200-250/天
630	广州	环智	3个月	5天/周	媒介实习生	https://www.shixiseng.com/intern/inn_oxssx0ro5qvd?pcm=pc_SearchList	50-80/天
631	上海	方括研究	3个月	5天/周	Market Researcher(Intern-市场研究员）	https://www.shixiseng.com/intern/inn_8ohxx9bgqis7?pcm=pc_SearchList	120-150/天
632	北京	链家	4个月	6天/周	地产规划师	https://www.shixiseng.com/intern/inn_7zyntb7we36s?pcm=pc_SearchList	300-400/天
633	广州	萌小芽	3个月	3天/周	新媒体编辑实习生	https://www.shixiseng.com/intern/inn_tbhcqziza9f9?pcm=pc_SearchList	50-100/天
634	温州	我武生物	12个月	5天/周	医药销售代表（乐清）	https://www.shixiseng.com/intern/inn_tcgg2j2ncvdj?pcm=pc_SearchList	100-150/天
635	北京	好未来	8个月	5天/周	文案内容运营	https://www.shixiseng.com/intern/inn_ehwrdtthgaca?pcm=pc_SearchList	150-200/天
636	北京	龙图游戏	4个月	5天/周	商务专员-2021届校招-北京	https://www.shixiseng.com/intern/inn_vqupc3hlcvl0?pcm=pc_SearchList	180-250/天
637	北京	情画文化传媒	6个月	3天/周	科普类新媒体编辑志愿者	https://www.shixiseng.com/intern/inn_zu0kf9cgzn6g?pcm=pc_SearchList	面议
638	上海	新潮传媒	3个月	5天/周	人工智能大数据开发工程师	https://www.shixiseng.com/intern/inn_hchq5u7wbzip?pcm=pc_SearchList	100-120/天
639	上海	Martec Group	3个月	5天/周	活动策划实习生	https://www.shixiseng.com/intern/inn_kw3qhj6th13d?pcm=pc_SearchList	100-100/天
640	北京	链家	3个月	6天/周	销售实习生	https://www.shixiseng.com/intern/inn_37vhk0myxyup?pcm=pc_SearchList	200-400/天
641	北京	龙图游戏	3个月	5天/周	2021届-游戏3D动作-北京	https://www.shixiseng.com/intern/inn_xwfjwkmesgkp?pcm=pc_SearchList	100-200/天
642	安庆	我武生物	12个月	5天/周	医药销售代表\医学信息沟通专员（安徽-安庆）	https://www.shixiseng.com/intern/inn_ceox2pofzdwb?pcm=pc_SearchList	100-200/天
643	北京	初心喜乐传媒	12个月	5天/周	新媒体运营	https://www.shixiseng.com/intern/inn_onvd8colsmpn?pcm=pc_SearchList	100-150/天
644	北京	财鲸	4个月	5天/周	投资顾问实习生	https://www.shixiseng.com/intern/inn_b8cnq3ixi0vc?pcm=pc_SearchList	150-200/天
645	成都	锐致咨询	3个月	3天/周	招聘助理实习生	https://www.shixiseng.com/intern/inn_8lgq2cn0xp7c?pcm=pc_SearchList	80-100/天
646	承德	我武生物	10个月	5天/周	医药销售代表/医学信息沟通专员（河北-承德）	https://www.shixiseng.com/intern/inn_4cfbxqirydwx?pcm=pc_SearchList	120-200/天
647	北京	创世蓝海	4个月	5天/周	商务BD	https://www.shixiseng.com/intern/inn_mgihnu8oqyqx?pcm=pc_SearchList	100-150/天
648	福州	U地带	1个月	6天/周	高校市场部管培生	https://www.shixiseng.com/intern/inn_uhoo5mzksbq9?pcm=pc_SearchList	80-150/天
649	广州	GMC	6个月	3天/周	国际买家拓展助理	https://www.shixiseng.com/intern/inn_rv6kffpx487v?pcm=pc_SearchList	100-120/天
650	上海	大雁资产	3个月	3天/周	[实习]数据工程师	https://www.shixiseng.com/intern/inn_bvm7kipo6gqv?pcm=pc_SearchList	250-500/天
651	北京	财鲸	4个月	5天/周	金融实习生（偏股票研究方向）	https://www.shixiseng.com/intern/inn_brwnnedcfak1?pcm=pc_SearchList	150-200/天
652	北京	北京链家	3个月	5天/周	房源实堪实习生	https://www.shixiseng.com/intern/inn_alsljrzx8i8r?pcm=pc_SearchList	160-320/天
653	北京	初心喜乐传媒	7个月	5天/周	文案实习生	https://www.shixiseng.com/intern/inn_zrb0ikuswpic?pcm=pc_SearchList	100-150/天
654	北京	初心喜乐传媒	4个月	5天/周	音乐版权运营	https://www.shixiseng.com/intern/inn_rkd680krbrs6?pcm=pc_SearchList	100-120/天
655	肇庆	我武生物	12个月	5天/周	医药销售代表\医学信息沟通专员（广东-肇庆）	https://www.shixiseng.com/intern/inn_chsvfvrmkiap?pcm=pc_SearchList	120-200/天
656	北京	链家	13个月	6天/周	北京印象销售专员	https://www.shixiseng.com/intern/inn_rvxlcvwsdpsg?pcm=pc_SearchList	200-399/天
657	上海	ezbuy	3个月	4天/周	运营实习生	https://www.shixiseng.com/intern/inn_n3a7uzhyvvhf?pcm=pc_SearchList	120-150/天
658	上海	NXT智库	12个月	5天/周	内容运营助理	https://www.shixiseng.com/intern/inn_4nlu3sufmf37?pcm=pc_SearchList	100-150/天
659	日照	我武生物	8个月	5天/周	医药销售代表/医学信息沟通专员（山东-日照）	https://www.shixiseng.com/intern/inn_lmtqe2zruboy?pcm=pc_SearchList	150-200/天
660	北京	链家	3个月	6天/周	海外事业部专员	https://www.shixiseng.com/intern/inn_sdsxqc8q1mfl?pcm=pc_SearchList	180-300/天
661	上海	中青旅会展	5天/周	3天/周	会议活动执行-21届	https://www.shixiseng.com/intern/inn_3j33cnypj0a3?pcm=pc_SearchList	120-150/天
662	北京	云孚科技	3天/周	4个月	人事行政助理	https://www.shixiseng.com/intern/inn_ovwqa9vznbww?pcm=pc_SearchList	150-200/天
663	上海	GNC	5天/周	6个月	Sales Intern(销售助理实习生)	https://www.shixiseng.com/intern/inn_ytpeb7lorfsk?pcm=pc_SearchList	150-200/天
664	昆明	中海达	5天/周	3个月	销售工程师（昆明）	https://www.shixiseng.com/intern/inn_avlh7o6aknep?pcm=pc_SearchList	150-200/天
665	北京	费曼咨询	12个月	5天/周	助理猎头顾问	https://www.shixiseng.com/intern/inn_67jmgdaa2wdp?pcm=pc_SearchList	150-200/天
666	北海	我武生物	3个月	6天/周	医药销售代表\医学信息沟通专员（广西——北海）	https://www.shixiseng.com/intern/inn_lloi6bm3xhju?pcm=pc_SearchList	100-200/天
667	上海	17Career(一起求职)	2个月	5天/周	咨询顾问管培生/储备干部	https://www.shixiseng.com/intern/inn_fmqv5npxm4ag?pcm=pc_SearchList	300-400/天
668	广州	GE中国	150-500人	2000人以上	客户服务卓越技术专家暑期实习	https://www.shixiseng.com/intern/inn_l1utcthuerju?pcm=pc_SearchList	120-150/天
669	深圳	红筹投资	3个月	1天/周	行业研究实习生	https://www.shixiseng.com/intern/inn_wasr21owa9ye?pcm=pc_SearchList	200-400/天
670	郑州	人和易行	3个月	6天/周	销售管培生	https://www.shixiseng.com/intern/inn_kfzx4azmbh5m?pcm=pc_SearchList	100-120/天
671	苏州	唆了蜜	16个月	3天/周	团建城市运营负责人	https://www.shixiseng.com/intern/inn_l9ybukzfkcen?pcm=pc_SearchList	150-200/天
672	广州	国地规划	5个月	5天/周	建筑实习生	https://www.shixiseng.com/intern/inn_0falkk8gxrmc?pcm=pc_SearchList	50-80/天
673	北京	费曼咨询	5天/周	4天/周	猎头助理	https://www.shixiseng.com/intern/inn_wo6vllcieiix?pcm=pc_SearchList	150-200/天
674	扬州	我武生物	3天/周	12个月	医药销售代表/医药信息沟通专员	https://www.shixiseng.com/intern/inn_spyzshs9pxxt?pcm=pc_SearchList	100-120/天
675	广州	创际科技	5天/周	8个月	PHP开发	https://www.shixiseng.com/intern/inn_w2urb3acoc0f?pcm=pc_SearchList	100-150/天
676	广州	麦当劳	4天/周	6个月	会计实习生（租金方向）	https://www.shixiseng.com/intern/inn_tti2uwvbquuu?pcm=pc_SearchList	100-120/天
677	重庆	BBD	5天/周	6个月	产品实习生	https://www.shixiseng.com/intern/inn_mlnwwofinmde?pcm=pc_SearchList	120-150/天
678	北京	北京链家	5天/周	11个月	大客户实习专员	https://www.shixiseng.com/intern/inn_pf8xloufrfmx?pcm=pc_SearchList	150-300/天
679	广州	欢聚集团	5天/周	3个月	成本核算实习生	https://www.shixiseng.com/intern/inn_goxfstpsmkds?pcm=pc_SearchList	100-150/天
680	北京	创世蓝海	3天/周	11个月	互联网销售	https://www.shixiseng.com/intern/inn_ffghexpyeycg?pcm=pc_SearchList	100-150/天
681	上海	中青旅会展	4天/周	4个月	平面设计助理-21届	https://www.shixiseng.com/intern/inn_5ncxr50kwvfk?pcm=pc_SearchList	120-150/天
682	深圳	金溢科技	4天/周	3个月	招聘助理实习生	https://www.shixiseng.com/intern/inn_gipjoqj6mz7r?pcm=pc_SearchList	150-150/天
683	北京	因诺资产	6天/周	5个月	市场助理实习生	https://www.shixiseng.com/intern/inn_rnfqmygry1x8?pcm=pc_SearchList	100-200/天
684	上海	17Career(一起求职)	5天/周	3个月	咨询顾问管培生	https://www.shixiseng.com/intern/inn_rum8h746mebk?pcm=pc_SearchList	300-400/天
685	东莞	我武生物	2天/周	12个月	销售管培生—东莞	https://www.shixiseng.com/intern/inn_9idvtsg3yy52?pcm=pc_SearchList	100-200/天
686	全国	镜习科技	1天/周	2天/周	高校实习合伙人	https://www.shixiseng.com/intern/inn_bcncsmq7760u?pcm=pc_SearchList	80-150/天
687	全国	镜习科技	2000人以上	2000人以上	高校找茬实习生	https://www.shixiseng.com/intern/inn_wwnvyigmx8gv?pcm=pc_SearchList	80-150/天
688	全国	镜习科技	2000人以上	50-150人	高校实习合伙人（运营）	https://www.shixiseng.com/intern/inn_6yiysxz1ufih?pcm=pc_SearchList	80-150/天
689	北京	天和留学	2个月	5天/周	市场部实习生	https://www.shixiseng.com/intern/inn_0sswuc8eae0m?pcm=pc_SearchList	250-400/天
690	北京	国际人才	9个月	5天/周	硬件板级设计工程师	https://www.shixiseng.com/intern/inn_ariqs62z0oll?pcm=pc_SearchList	300-500/天
691	北京	去哪儿网	3个月	5天/周	UI设计实习生	https://www.shixiseng.com/intern/inn_qg4jjhvcomsq?pcm=pc_SearchList	120-150/天
692	上海	驰大数据	10个月	4天/周	SEO优化网络推广专员	https://www.shixiseng.com/intern/inn_id7fbqu6nkqq?pcm=pc_SearchList	150-200/天
693	北京	天和留学	2个月	5天/周	留学服务顾问实习生	https://www.shixiseng.com/intern/inn_8rjn1ppjuide?pcm=pc_SearchList	250-400/天
694	成都	新东方	3个月	3天/周	外双楠校区-课程顾问/运营实习生	https://www.shixiseng.com/intern/inn_8nbxhwprmhbv?pcm=pc_SearchList	80-150/天
695	杭州	平治信息	4个月	5天/周	版权助理（实习生）	https://www.shixiseng.com/intern/inn_maz6ldxtbgxd?pcm=pc_SearchList	80-120/天
696	北京	京东数科	3个月	5天/周	视觉设计实习生	https://www.shixiseng.com/intern/inn_hgq4avn3z66k?pcm=pc_SearchList	120-150/天
697	无锡	 中德联信 	5个月	5天/周	客服专员	https://www.shixiseng.com/intern/inn_cgvw0vmitsr8?pcm=pc_SearchList	100-200/天
698	北京	网易	6个月	3天/周	视频剪辑/产品vlog拍摄实习生	https://www.shixiseng.com/intern/inn_vuzfgpqrqnj5?pcm=pc_SearchList	100-150/天
699	上海	阅文集团	3个月	5天/周	春招—后端研发实习生（Java)	https://www.shixiseng.com/intern/inn_l1ndpxh7ea5r?pcm=pc_SearchList	180-250/天
700	上海	大亲家	6个月	5天/周	测试实习生	https://www.shixiseng.com/intern/inn_pmhy0hdapqhj?pcm=pc_SearchList	150-250/天
701	杭州	乐辛	3个月	5天/周	平面设计实习生	https://www.shixiseng.com/intern/inn_bmfxtio2go7j?pcm=pc_SearchList	100-120/天
702	广州	德铭	3个月	4天/周	投教助理	https://www.shixiseng.com/intern/inn_bljvdllq92bx?pcm=pc_SearchList	100-200/天
703	武汉	圣才电子书	3个月	3天/周	运营实习生	https://www.shixiseng.com/intern/inn_4790bhlowpid?pcm=pc_SearchList	150-200/天
704	宁波	量子云贸易	6个月	6天/周	管培生	https://www.shixiseng.com/intern/inn_egdykrrmt6z7?pcm=pc_SearchList	150-200/天
705	北京	北京链家	9个月	5天/周	商务谈判顾问合伙人	https://www.shixiseng.com/intern/inn_glkb99nyxune?pcm=pc_SearchList	250-300/天
706	北京	北京链家	9个月	6天/周	物流驻场实习生	https://www.shixiseng.com/intern/inn_iecl6nrnahud?pcm=pc_SearchList	300-400/天
707	成都	九林教育	3个月	3天/周	Alevel/IG/AP/IB课程老师（网课）	https://www.shixiseng.com/intern/inn_cucw0osnacnr?pcm=pc_SearchList	250-500/天
708	北京	北京链家	7个月	5天/周	互联网助理见习岗位	https://www.shixiseng.com/intern/inn_xsoblg1izjxu?pcm=pc_SearchList	250-300/天
709	上海	上海仁端	3个月	4天/周	社区运营实习生	https://www.shixiseng.com/intern/inn_lqxroiwq4ni0?pcm=pc_SearchList	120-180/天
710	上海	上海仁端	6个月	4天/周	电商客户实习生	https://www.shixiseng.com/intern/inn_d3o5kgra0svo?pcm=pc_SearchList	120-150/天
711	全国	圣才电子书	4个月	2天/周	学科编辑-金融类	https://www.shixiseng.com/intern/inn_sbmnkrngf7eb?pcm=pc_SearchList	200-300/天
712	全国	圣才电子书	4个月	1天/周	编辑-新闻类（线上工作）	https://www.shixiseng.com/intern/inn_iiqfdwji1tvf?pcm=pc_SearchList	200-300/天
713	全国	圣才电子书	4个月	2天/周	学科编辑-医学类（线上）	https://www.shixiseng.com/intern/inn_4sefqww1kwgj?pcm=pc_SearchList	200-300/天
714	全国	圣才电子书	4个月	2天/周	学科编辑-艺术类（线上）	https://www.shixiseng.com/intern/inn_mk8hc1ahyskz?pcm=pc_SearchList	200-300/天
715	全国	圣才电子书	4个月	2天/周	学科编辑-法学类	https://www.shixiseng.com/intern/inn_fax8jm8a2xgg?pcm=pc_SearchList	200-300/天
716	全国	圣才电子书	4个月	2天/周	学科编辑-历史类	https://www.shixiseng.com/intern/inn_gcc0ob22s9xq?pcm=pc_SearchList	200-300/天
717	全国	圣才电子书	4个月	2天/周	学科编辑-哲学类（线上）	https://www.shixiseng.com/intern/inn_6jxmwpvurnso?pcm=pc_SearchList	200-300/天
718	全国	圣才电子书	4个月	2天/周	学科编辑-新闻类	https://www.shixiseng.com/intern/inn_jkusmlk2e3w7?pcm=pc_SearchList	200-300/天
719	全国	圣才电子书	4个月	2天/周	学科编辑-文史哲（线上）	https://www.shixiseng.com/intern/inn_0kwix70ohpo2?pcm=pc_SearchList	200-300/天
720	全国	蓝船出海	5个月	3天/周	线上阿拉伯语翻译运营	https://www.shixiseng.com/intern/inn_lnl4ztjib2et?pcm=pc_SearchList	面议
721	全国	蓝船出海	5个月	3天/周	线上印尼语翻译运营	https://www.shixiseng.com/intern/inn_qavosrg4h8gk?pcm=pc_SearchList	面议
722	杭州	品誉电商	12个月	5天/周	文案策划	https://www.shixiseng.com/intern/inn_20zlc4xghltl?pcm=pc_SearchList	250-300/天
723	杭州	品誉电商	6个月	5天/周	销售代表	https://www.shixiseng.com/intern/inn_jdoo9suq7txn?pcm=pc_SearchList	250-300/天
724	全国	圣才电子书	3个月	2天/周	文史哲类线上编辑实习生	https://www.shixiseng.com/intern/inn_fxrighkxotyp?pcm=pc_SearchList	200-300/天
725	南京	聚鼎新	9个月	5天/周	资料编辑实习生	https://www.shixiseng.com/intern/inn_26jfbqszw5cz?pcm=pc_SearchList	100-200/天
726	北京	让渡居	3个月	2天/周	数据库管理员	https://www.shixiseng.com/intern/inn_4bcssbkayvre?pcm=pc_SearchList	80-100/天
727	南京	蓝帽子	3个月	6天/周	暑期销售实习生	https://www.shixiseng.com/intern/inn_r0dafhisegpo?pcm=pc_SearchList	100-200/天
728	南京	蓝帽子	3个月	6天/周	管培生	https://www.shixiseng.com/intern/inn_jwsp6xkxodkf?pcm=pc_SearchList	100-200/天
729	深圳	腾云航空无人机	4个月	6天/周	scratch课程开发及讲师	https://www.shixiseng.com/intern/inn_rmugerpitjhv?pcm=pc_SearchList	200-250/天
730	成都	元智科创	4个月	5天/周	副总经理助理	https://www.shixiseng.com/intern/inn_ng44wrqtxdsi?pcm=pc_SearchList	100-150/天
731	北京	北京链家	5个月	6天/周	置业客户经理助理	https://www.shixiseng.com/intern/inn_gbnxldkazspy?pcm=pc_SearchList	299-399/天
732	武汉	圣才电子书	2个月	3天/周	文档整理实习生	https://www.shixiseng.com/intern/inn_zgntuhw2xs7k?pcm=pc_SearchList	80-150/天
733	贵阳	点瑞科技	4个月	6天/周	招生老师	https://www.shixiseng.com/intern/inn_3z6g2b49wvvv?pcm=pc_SearchList	100-200/天
734	成都	点瑞科技	3个月	6天/周	招生专员	https://www.shixiseng.com/intern/inn_vicdwglqkd2r?pcm=pc_SearchList	120-200/天
735	广州	奇米定制	5个月	6天/周	管培生	https://www.shixiseng.com/intern/inn_hqmpgmrdo9kt?pcm=pc_SearchList	80-150/天
736	广州	奇米定制	4个月	6天/周	寒假市场实习生	https://www.shixiseng.com/intern/inn_blgcuhktbfi4?pcm=pc_SearchList	100-150/天
737	广州	世方志文化	4个月	6天/周	市场营销实习生	https://www.shixiseng.com/intern/inn_0pibjr6ee9fl?pcm=pc_SearchList	50-100/天
738	上海	优复教育	12个月	5天/周	Java工程师	https://www.shixiseng.com/intern/inn_kdyjhtvz00wh?pcm=pc_SearchList	100-200/天
739	广州	锐达电商	6个月	5天/周	亚马逊运营	https://www.shixiseng.com/intern/inn_sftdbfwlqq8c?pcm=pc_SearchList	100-150/天
740	成都	成都海汛	3个月	5天/周	网络营销专员	https://www.shixiseng.com/intern/inn_jwl5gc9rtbar?pcm=pc_SearchList	100-120/天
741	上海	HSC China	5天/周	5天/周	Clinical Specialist	https://www.shixiseng.com/intern/inn_oobsl31xlhbx?pcm=pc_SearchList	100-150/天
742	深圳	我家靓崽	6天/周	7个月	视频剪辑师（实习生）	https://www.shixiseng.com/intern/inn_qemrv55awwxx?pcm=pc_SearchList	150-250/天
743	重庆	悦橙租房	6天/周	4个月	销售（租房）实习生	https://www.shixiseng.com/intern/inn_54d2zwi35z4i?pcm=pc_SearchList	250-300/天
744	北京	北京链家	6天/周	12个月	储备门店销售经理实习生	https://www.shixiseng.com/intern/inn_jwhkj608yvs2?pcm=pc_SearchList	250-300/天
745	北京	北京链家	4天/周	12个月	链家运营见习经纪人	https://www.shixiseng.com/intern/inn_xaft3zbbyore?pcm=pc_SearchList	250-300/天
746	上海	中海地产	5天/周	3个月	设计实习生	https://www.shixiseng.com/intern/inn_rpttqgx4t8fg?pcm=pc_SearchList	120-150/天
747	上海	滴孚科技	6天/周	2个月	人工智能专业实习生	https://www.shixiseng.com/intern/inn_odbxqpipizsw?pcm=pc_SearchList	100-200/天
748	温州	昇聚科技	500-2000人	3个月	暑假实习生	https://www.shixiseng.com/intern/inn_lbxt3sjne8jf?pcm=pc_SearchList	80-150/天
749	成都	贝壳	8个月	6天/周	实习销售20届	https://www.shixiseng.com/intern/inn_hkmeeulfr773?pcm=pc_SearchList	150-200/天
750	全国	让渡居	3个月	1天/周	业务拓展专员实习生(全国）	https://www.shixiseng.com/intern/inn_atezxjdxaybi?pcm=pc_SearchList	80-150/天
751	南京	学才教育	3个月	4天/周	电话客服/TMK专员实习生	https://www.shixiseng.com/intern/inn_eaotc0htn7gx?pcm=pc_SearchList	120-150/天
752	北京	源石财富	12个月	5天/周	阳光私募基金顾问	https://www.shixiseng.com/intern/inn_f8nznagduupo?pcm=pc_SearchList	150-200/天
753	深圳	Xeno Dynamics	12个月	6天/周	传感器系统实习生	https://www.shixiseng.com/intern/inn_3p1t0vnansil?pcm=pc_SearchList	80-120/天
754	深圳	Xeno Dynamics	12个月	5天/周	嵌入式系统开发实习生	https://www.shixiseng.com/intern/inn_cojmv92jwyx8?pcm=pc_SearchList	80-120/天
755	深圳	Xeno Dynamics	12个月	6天/周	工业设计实习生	https://www.shixiseng.com/intern/inn_eadfk5hupkl6?pcm=pc_SearchList	80-100/天
756	北京	让渡居	3个月	1天/周	运营专员	https://www.shixiseng.com/intern/inn_zseyfrsalnwy?pcm=pc_SearchList	50-100/天
757	全国	让渡居	3个月	2天/周	公关专员	https://www.shixiseng.com/intern/inn_0csebake0blw?pcm=pc_SearchList	50-80/天
758	北京	让渡居	3个月	1天/周	产品经理实习生	https://www.shixiseng.com/intern/inn_4dlx03ksckux?pcm=pc_SearchList	50-100/天
759	北京	让渡居	3个月	1天/周	后端工程师实习生	https://www.shixiseng.com/intern/inn_8b2hlmyxlzp9?pcm=pc_SearchList	80-150/天
760	北京	让渡居	1个月	1天/周	财务实习生	https://www.shixiseng.com/intern/inn_vk0wxocned0f?pcm=pc_SearchList	50-80/天
761	南京	弘业期货	5天/周	5天/周	客户经理实习	https://www.shixiseng.com/intern/inn_foothytxyazc?pcm=pc_SearchList	1-50/天
762	北京	北方评估	6天/周	3个月	评估师助理	https://www.shixiseng.com/intern/inn_szrquxkmeyh8?pcm=pc_SearchList	100-150/天
763	广州	奇米定制	6天/周	6个月	联合创始人	https://www.shixiseng.com/intern/inn_dohojdhah5to?pcm=pc_SearchList	面议
764	深圳	Talent X	5天/周	3个月	电商供应链运营	https://www.shixiseng.com/intern/inn_x82gatclbnn3?pcm=pc_SearchList	80-150/天
765	深圳	Talent X	5天/周	3个月	新零售电商运营实习生	https://www.shixiseng.com/intern/inn_q9xz2qogveuk?pcm=pc_SearchList	80-150/天
766	广州	偶搭 App平台	3天/周	4个月	营销运营助理	https://www.shixiseng.com/intern/inn_u0an4dvybhkf?pcm=pc_SearchList	50-100/天
767	北京	富力装饰	6天/周	11个月	行政助理	https://www.shixiseng.com/intern/inn_0ntu9c7fmscg?pcm=pc_SearchList	50-100/天
768	全国	链家	50-150人	12个月	运营一线实习生	https://www.shixiseng.com/intern/inn_dksguazyppyq?pcm=pc_SearchList	300-400/天
